i_m_ct_enhanced_stereo_status,r_i_glide_ligand_efficiency_sa,r_sd_ADMET\_BBB,i_epik_Tot_abs_Q,r_i_glide_energy,s_lp_label,r_glide_XP_HBond,r_epik_Ionization_Penalty_Neutral,r_sd_TOPKAT\_WOE\_Enrichment,r_i_glide_einternal,s_st_Chirality_1,s_sd_ADMET\_EXT\_Hepatotoxic\_Applicability,s_sd_ADMET\_EXT\_PPB\_Applicability,r_sd_TOPKAT\_Ames\_Enrichment,i_m_ct_format,b_sd_chiral_flag,s_epik_Chemistry_Notes,r_sd_logP(o/w),r_sd_logP,s_sd_TOPKAT\_WOE\_Prediction,i_i_glide_lignum,r_epik_Charging_Adjusted_Penalty,i_sd_version,r_sd_ADMET\_EXT\_Hepatotoxic\_Applicability%23MD,r_sd_logD,s_vsw_variant,s_sd_ADMET\_EXT\_Hepatotoxic%23Prediction,s_i_glide_gridfile,i_i_glide_confnum,i_sd_H\_donor,s_sd_ADMET\_EXT\_PPB%23Prediction,s_sd_Saltdata,s_epik_cmdline,r_sd_TOPKAT\_Ames\_Score,i_sd_ADMET\_BBB\_Level,s_sd_IDNUMBER,s_sd_Collection,s_sd_TOPKAT\_WOE\_Applicability,r_sd_logSw,r_i_glide_gscore,r_i_glide_emodel,r_sd_ADMET\_EXT\_CYP2D6\_Applicability%23MDpvalue,r_sd_ADMET\_EXT\_CYP2D6\_Applicability%23MD,r_i_glide_ecoul,i_i_glide_rotatable_bonds,r_i_glide_eff_state_penalty,r_sd_ADMET\_EXT\_PPB\_Applicability%23MD,s_sd_TOPKAT\_Ames\_Applicability,r_sd_TOPKAT\_WOE\_Probability,r_sd_TOPKAT\_Ames\_Probability,r_sd_Weight,s_st_Chirality_2,i_sd_ADMET\_Unknown\_AlogP98,i_sd_N\_O,s_m_title,r_i_docking_score,i_m_source_file_index,r_sd_ADMET\_EXT\_CYP2D6,i_sd_a\_acc,b_lp_Chiralities_Consistent,r_sd_ADMET\_EXT\_Hepatotoxic,i_sd_H\_acceptor,i_sd_available,r_sd_ADMET\_AlogP98,r_sd_ADMET\_EXT\_PPB,i_f3d_flags,r_i_glide_ligand_efficiency_ln,r_sd_ADMET\_PSA\_2D,i_sd_a\_don,s_epik_input,r_epik_Ionization_Penalty,s_vsw_compound_code,r_glide_XP_GScore,s_sd_Name,i_epik_Tot_Q,r_sd_ADMET\_Solubility,i_i_glide_posenum,s_sd_CLNUMBER,r_sd_TPSA,s_lp_Force_Field,s_m_source_file,r_lp_tautomer_probability,i_sd_ADMET\_Absorption\_Level,s_sd_TOPKAT\_Ames\_Prediction,r_lp_Energy,r_epik_Ionization_Penalty_Charging,s_st_EZ_1,r_sd_ADMET\_EXT\_Hepatotoxic\_Applicability%23MDpvalue,s_sd_ADMET\_EXT\_CYP2D6%23Prediction,s_sd_ADMET\_EXT\_CYP2D6\_Applicability,i_sd_ADMET\_Solubility\_Level,r_i_glide_ligand_efficiency,r_sd_PSA,i_sd_B\_rotN,r_sd_ADMET\_EXT\_PPB\_Applicability%23MDpvalue,i_lp_mmshare_version,s_lp_Variant,r_i_glide_evdw,r_sd_TOPKAT\_WOE\_Score,r_epik_State_Penalty,i_glide_XP_PoseRank
2,-1.19497025622391,-1.116,0,-58.4492273330688,846_sdstereoexpander_1_neutralizer_1_epik_1_stereoizer_1,-0.642053173016485,0.0001,0.435869424645322,4.97121238708496,,All properties and OPS components are within expected ranges.,All properties and OPS components are within expected ranges.,0.247010520159551,2,0,"This compound contains an acetal/aminal-like group ( X-CH(R)-Y where X, Y are N, S, or O) that may be acid/base labile, releasing an aldehyde.",2.924,1.95,Non-Carcinogen,128,0.0,0,17.2553183666486,1.75,846-1,false,glide-grid_1,1,3,true,,J2VwaWtfcHl0aG9uJywgJy1waCcsICc3LjAwMDAwMCcsICctcGh0JywgJzIuMDAwMDAwJywgJy1tcycsICcxNicsICctdG4nLCAnOCcsICctbWEnLCAnMjAwJywgJy1pbWFlJywgJzxpbmZpbGUubWFlPicsICctb21hZScsICc8b3V0ZmlsZS5tYWU+Jw==,-15.9305877201024,3,3379-3182,DC,"All properties and OPS components are within expected ranges.
.
.
.
.
.
.
.",-1.74,-11.018668486689,-92.8853594173758,6.86881996449377e-05,13.6156549552146,-7.82603931427002,10,-0.0,15.5155447876022,"All properties and OPS components are within expected ranges.
.
.
.
.",0.224426384604613,0.137923662848474,402.83398,,0,7,3379-3182,-11.018668486689,846,-6.4847496251695,5,1,-4.75837604153501,6,114,1.95,3.70090293830606,0,-2.5434322088925,98.897,3,W2NIXTFbY0hdW2NIXVtjSF1jKENsKWMxQyg9TylbTkhdL0MoQyg9TylbTkhdW0NIMl1bQ0gyXVtDSDJdW09IXSk9W0NIXVxjKFtjSF0yKVtjSF1bY0hdYyhjMjMpT1tDSDJdTzM=,0.0001,846,-11.018668486689,3379-3182,0,-3.198,2,,96.889999,OPLS_2005,dc01-LIGPREP-001-in.maegz,1.0,0,Non-Mutagen,41.1188489318315,0.0,4_2_7_12_Z,1.09810103253908e-17,false,"All properties and OPS components are within expected ranges.
Unknown FCFP_2 feature: 436975416: [*]CC(=C([*])[*])N[*]",3,-0.393523874524607,96.889999,9,3.38592409028669e-08,40011,3379-3182-1,-50.6231880187988,-10.9226127609875,-0.0,1
2,-1.07003257321992,-0.291,1,-66.5146217346191,465_sdstereoexpander_1_neutralizer_1_epik_1_stereoizer_1,0.0,0.0006,0.566104894156198,5.97259521484375,,All properties and OPS components are within expected ranges.,All properties and OPS components are within expected ranges.,0.272767510250642,2,0,,2.579,2.5,Non-Carcinogen,73,0.147404100584926,0,11.3788494065618,3.7,465-1,true,glide-grid_1,1,1,true,,J2VwaWtfcHl0aG9uJywgJy1waCcsICc3LjAwMDAwMCcsICctcGh0JywgJzIuMDAwMDAwJywgJy1tcycsICcxNicsICctdG4nLCAnOCcsICctbWEnLCAnMjAwJywgJy1pbWFlJywgJzxpbmZpbGUubWFlPicsICctb21hZScsICc8b3V0ZmlsZS5tYWU+Jw==,-15.4797959813209,2,3909-9098,DC,"OPS PC4 out of range. Value: -5.8313. Training min, max, SD, explained variance: -5.5047, 6.0489, 1.696, 0.0586.
.
.
.
.
.
.
.",-3.3,-10.6800729249384,-97.0324913471191,3.90469005010227e-06,14.7496446264181,-13.1716728210449,7,0.1207,13.7310189974427,"OPS PC6 out of range. Value: -8.0804. Training min, max, SD, explained variance: -7.6338, 8.0237, 1.823, 0.0353.
.
.
.
.",0.291483796565531,0.152305634980756,438.95898,,0,6,3909-9098,-10.5593729249384,465,-0.0743772915566946,4,1,-3.19724590038121,5,2,2.5,7.17059846693139,0,-2.38146220049016,57.469,1,W2NIXTFbY0hdYyhDbClbY0hdW2NIXWMxLW4oYyg9TyljKGMyMylbY0hdW2NIXVtjSF1bY0hdMylbY0hdYzJDKD1PKVtOSF1bQ0gyXVtDSDJdW0NIMl1ONFtDSDJdW0NIMl1OKFtDSDNdKVtDSDJdW0NIMl00,0.0274,465,-10.6800729249384,3909-9098,1,-3.811,11,CL0961,55.889999,OPLS_2005,dc01-LIGPREP-001-in.maegz,,0,Non-Mutagen,54.69169608944,0.0267,,0.00173417156675312,false,"OPS PC5 out of range. Value: 5.2618. Training min, max, SD, explained variance: -3.7579, 4.4942, 2.102, 0.0577.",3,-0.340624933062529,55.889999,7,0.000339831135627487,40011,3909-9098-1,-53.3429489135742,-7.71234597453429,0.1207,1
2,-1.0480491092617,-1.126,0,-58.4153170585632,599_sdstereoexpander_1_neutralizer_1_epik_1_stereoizer_1,-0.48,0.0001,0.574223009372022,12.1068897247314,2_S_28_3_4_6,All properties and OPS components are within expected ranges.,All properties and OPS components are within expected ranges.,0.00848311321890239,2,1,"This compound has an ester and may undergo hydrolysis at high or low pH. This compound contains an acetal/aminal-like group ( X-CH(R)-Y where X, Y are N, S, or O) that may be acid/base labile, releasing an aldehyde.",2.4690001,1.88,Non-Carcinogen,94,0.0,0,12.8568446908671,0.75,599-1,false,glide-grid_1,1,1,true,,J2VwaWtfcHl0aG9uJywgJy1waCcsICc3LjAwMDAwMCcsICctcGh0JywgJzIuMDAwMDAwJywgJy1tcycsICcxNicsICctdG4nLCAnOCcsICctbWEnLCAnMjAwJywgJy1pbWFlJywgJzxpbmZpbGUubWFlPicsICctb21hZScsICc8b3V0ZmlsZS5tYWU+Jw==,-27.0814294968241,3,5241-0131,DC,"All properties and OPS components are within expected ranges.
Unknown SCFP_2 feature: -1135870685: [*]CC1(O)C(=[*])[*][*]:[c]1:[*]
.
.
.
.
.
.",-2.74,-10.3424341139841,-89.2026004935384,5.70596866210986e-08,16.3571406456737,-6.76166105270386,9,-0.0,13.8159741256324,"OPS PC34 out of range. Value: -4.4389. Training min, max, SD, explained variance: -4.3575, 4.5024, 0.9441, 0.0095.
.
.
.
.",0.295663762272403,0.00473672962088245,423.42099,,0,8,5241-0131,-10.3424341139841,599,-10.3146143335884,6,1,-11.2951750667227,7,123,2.122,8.64721655972681,0,-2.33253585024384,102.86,1,W2NIXTFbY0hdW2NIXVtjSF1jKGMxMilOKFtDSDJdQyg9TylPW0NIMl1bQ0gzXSlDKD1PKVtDQF0yKFtPSF0pW0NIMl1DKD1PKVxbQ0hdPVtDSF0vYyhbY0hdMylbY0hdW2NIXWMoYzM0KU9bQ0gyXU80,0.0001,599,-10.3424341139841,5241-0131,0,-3.083,9,CL2610,102.37,OPLS_2005,dc01-LIGPREP-001-in.maegz,1.0,0,Non-Mutagen,53.7889445012015,0.0,22_16_19_31_Z,3.61295110022549e-06,false,All properties and OPS components are within expected ranges.,3,-0.333626906902712,102.37,8,0.000236028989004556,40011,5241-0131-1,-51.6536560058594,-7.5243959453582,-0.0,1
2,-1.2074073750077,-1.288,1,-52.840537071228,1511_sdstereoexpander_1_neutralizer_1_epik_1_stereoizer_1,-1.79665332210272,0.3018,0.466685458731072,4.10258007049561,,All properties and OPS components are within expected ranges.,All properties and OPS components are within expected ranges.,0.33395346408795,2,0,This compound has an imine and may undergo hydrolysis.,0.94999999,1.49,Non-Carcinogen,100,0.295402369120349,0,10.6686164727034,1.01,1511-1,true,glide-grid_1,1,2,false,,J2VwaWtfcHl0aG9uJywgJy1waCcsICc3LjAwMDAwMCcsICctcGh0JywgJzIuMDAwMDAwJywgJy1tcycsICcxNicsICctdG4nLCAnOCcsICctbWEnLCAnMjAwJywgJy1pbWFlJywgJzxpbmZpbGUubWFlPicsICctb21hZScsICc8b3V0ZmlsZS5tYWU+Jw==,-14.5067714807253,3,8014-6437,DC,"All properties and OPS components are within expected ranges.
.
.
.
.
.
.
.",-3.4400001,-10.6185878565924,-76.7065181962488,5.71878444920188e-08,16.3562974298448,-15.8127279281616,10,0.2954,14.7881211500592,"All properties and OPS components are within expected ranges.
.
.
.
.",0.240293363857275,0.186470134786951,347.41901,,0,8,8014-6437,-10.3231878565924,1511,-2.23069673456827,4,1,-1.26568072628033,8,5,1.321,-11.8681472426233,0,-2.44690488298857,97.484,2,W0NIM11bQ0gyXVtDSDJdW0NIMl1bQ0gyXVtDSDJdTjFDKD1PKVtOSF1DKD1PKUMoXEMxPU8pPVtDSF0vW05IXVtDSDJdW0NIMl1bQ0gyXW4yW2NIXW5bY0hdW2NIXTI=,0.3018,1511,-10.6185878565924,8014-6437,1,-2.1,34,,96.330002,OPLS_2005,dc01-LIGPREP-001-in.maegz,0.499999999998843,0,Non-Mutagen,25.1982413248176,0.0,3_6_12_24_E,0.0168449540071977,false,All properties and OPS components are within expected ranges.,3,-0.412927514263697,96.330002,10,2.12084778204178e-06,40011,8014-6437-1,-37.0278091430664,-10.2647759433804,0.2954,1
2,-0.983679631017113,-0.491,1,-59.4058170318604,64_sdstereoexpander_1_neutralizer_1_epik_1_stereoizer_1,-0.910687558528417,0.0018,0.505022567934216,6.39753293991089,,"All properties and OPS components are within expected ranges.
Unknown FCFP_2 feature: -1678245750: [*]S\C(=C\[*])\[c](:[*]):[*]",All properties and OPS components are within expected ranges.,0.253297671718296,2,0,,4.1160002,3.6500001,Non-Carcinogen,8,0.0012037302814575,0,13.3621188103483,7.71,64-1,true,glide-grid_1,1,1,true,HBr,J2VwaWtfcHl0aG9uJywgJy1waCcsICc3LjAwMDAwMCcsICctcGh0JywgJzIuMDAwMDAwJywgJy1tcycsICcxNicsICctdG4nLCAnOCcsICctbWEnLCAnMjAwJywgJy1pbWFlJywgJzxpbmZpbGUubWFlPicsICctb21hZScsICc8b3V0ZmlsZS5tYWU+Jw==,-15.8178034615139,2,6049-2338,DC,"All properties and OPS components are within expected ranges.
Unknown SCFP_2 feature: -877939751: [*]N1[*][*]C=C1[c](:[*]):[*]
Unknown SCFP_2 feature: -1630519606: [*]=C1[*][*]C(=[*])S1
Unknown SCFP_2 feature: -1971673383: [*]C1=CS[*][*]1
.
.
.
.",-6.9499998,-10.1215680215765,-90.8211138464183,4.56325660252014e-10,18.1658724787383,-5.53912925720215,10,0.0012,14.6341439790313,"All properties and OPS components are within expected ranges.
.
.
.
.",0.260032896681022,0.141434229812608,487.64499,,0,7,6049-2338,-10.1203680215765,64,-12.1349117055256,5,1,0.984070598071787,7,24,3.128,6.81287719879379,0,-2.25071744753741,82.375,1,W0NIMl0xW0NIMl1bQ0gyXVtDSDJdW0NIMl1OMVMoPU8pKD1PKWMyW2NIXVtjSF1jKFtjSF1bY0hdMiktYyhbY0hdczMpbihbQ0gyXVtDSDJdW0NIMl1bT0hdKS9jMz1OL2M0YyhPW0NIM10pW2NIXVtjSF1bY0hdW2NIXTQ=,0.0018,64,-10.1215680215765,6049-2338,1,-3.908,4,CL1249,82.440002,OPLS_2005,dc01-LIGPREP-001-in.maegz,1.0,0,Non-Mutagen,27.3278564009998,0.0,6_2_5_11_Z,2.96642851379049e-07,false,All properties and OPS components are within expected ranges.,3,-0.306677818835652,116.12,8,4.77059336225892e-06,40011,6049-2338-1,-53.8666877746582,-9.28217850860366,0.0012,1
2,-1.11852549213299,-1.694,0,-64.3086357116699,1214_sdstereoexpander_2_neutralizer_1_epik_1_stereoizer_1,-0.173355601265378,0.0,0.581105186532833,5.24648714065552,2_R_5_1_22_46,All properties and OPS components are within expected ranges.,All properties and OPS components are within expected ranges.,0.452212042643816,2,1,"This compound contains an acetal/aminal-like group ( X-CH(R)-Y where X, Y are N, S, or O) that may be acid/base labile, releasing an aldehyde.",1.0650001,0.56,Non-Carcinogen,49,0.0,0,10.7614430076989,-0.33000001,1214-2,true,glide-grid_1,1,3,false,,J2VwaWtfcHl0aG9uJywgJy1waCcsICc3LjAwMDAwMCcsICctcGh0JywgJzIuMDAwMDAwJywgJy1tcycsICcxNicsICctdG4nLCAnOCcsICctbWEnLCAnMjAwJywgJy1pbWFlJywgJzxpbmZpbGUubWFlPicsICctb21hZScsICc8b3V0ZmlsZS5tYWU+Jw==,-12.8725455948209,3,C094-0177,DC,"All properties and OPS components are within expected ranges.
Unknown SCFP_2 feature: -204019185: [*]N1[*][*]=C([*])C1[c](:[*]):[*]
.
.
.
.
.
.",1.5599999,-10.0667294402563,-86.2196691733506,0.0032189628695134,11.959144529918,-9.32752990722656,9,-0.0,11.5601273649083,"All properties and OPS components are within expected ranges.
.
.
.
.",0.299207351363714,0.252502368179859,369.37698,,0,8,C094-0177,-10.0667294402563,1214,-8.9227104536877,5,1,-0.0889420690597138,5,2,0.557,-4.958197252778,0,-2.34336865068614,108.193,3,Tz1DKFtDSDNdKVtOSF1bQ0gyXUMoPU8pW05IXVtDQEBIXShjMVtjSF1bY0hdW2NIXVtjSF1bY0hdMSlDKD1PKVtOSF1jKFtjSF0yKVtjSF1bY0hdYyhjMjMpT1tDSDJdTzM=,0.0,1214,-10.0667294402563,C094-0177,0,-2.229,17,,105.76,OPLS_2005,dc01-LIGPREP-001-in.maegz,1.0,0,Non-Mutagen,21.5008922818444,0.0,,0.012871179164359,false,All properties and OPS components are within expected ranges.,3,-0.372841831120605,105.76,9,0.224538266536765,40011,C094-0177-2,-54.9811058044434,-7.36821588971818,-0.0,1
2,-1.07368955779672,-0.881,0,-46.3499040603638,1078_sdstereoexpander_1_neutralizer_1_epik_1_stereoizer_1,-1.22486086412157,0.0008,0.569268314078927,5.95372343063354,2_R_7_1_10_50,All properties and OPS components are within expected ranges.,All properties and OPS components are within expected ranges.,0.212936877124158,2,1,This compound has an ester and may undergo hydrolysis at high or low pH.,2.9419999,2.9400001,Non-Carcinogen,20,0.000506236872819206,0,12.8717187164788,3.8199999,1078-1,false,glide-grid_1,1,3,false,,J2VwaWtfcHl0aG9uJywgJy1waCcsICc3LjAwMDAwMCcsICctcGh0JywgJzIuMDAwMDAwJywgJy1tcycsICcxNicsICctdG4nLCAnOCcsICctbWEnLCAnMjAwJywgJy1pbWFlJywgJzxpbmZpbGUubWFlPicsICctb21hZScsICc8b3V0ZmlsZS5tYWU+Jw==,-16.5784324587116,3,1630-0813,DC,"All properties and OPS components are within expected ranges.
Unknown SCFP_2 feature: -204019185: [*]N1[*][*]=C([*])C1[c](:[*]):[*]
.
.
.
.
.
.",-2.28,-9.900854618337,-74.7273196010289,2.89848875682316e-07,15.7442247194105,-7.78882694244385,8,0.0005,15.0404866214964,"All properties and OPS components are within expected ranges.
.
.
.
.",0.293112621291703,0.118897907787527,382.41599,,0,7,1630-0813,-9.900354618337,1078,-1.85402464266955,4,1,-7.87134346410199,5,199,2.711,-3.3175260093074,0,-2.28529253295492,98.897,3,W2NIXTFbY0hdW2NIXVtjSF1bY0hdYzFbQ0gyXVtDSDJdT0MoPU8pQzI9QyhbQ0gzXSlbTkhdQyg9TylbTkhdW0NAQEhdMmMzW2NIXWMoT1tDSDNdKWMoW09IXSlbY0hdW2NIXTM=,0.0008,1078,-9.900854618337,1630-0813,0,-3.802,4,CL1819,96.889999,OPLS_2005,dc01-LIGPREP-001-in.maegz,0.999999999997873,0,Non-Mutagen,39.7433767643717,0.0,9_1_3_5_E,3.36538457255938e-06,false,"OPS PC6 out of range. Value: 4.3. Training min, max, SD, explained variance: -5.674, 3.9834, 1.993, 0.0519.
Unknown FCFP_2 feature: 436975416: [*]CC(=C([*])[*])N[*]",3,-0.353584093512036,96.889999,7,5.34241024620389e-07,40011,1630-0813-1,-38.5610771179199,-7.63861482238319,0.0005,1
2,-1.02527337316106,-1.168,1,-64.9914264678955,689_sdstereoexpander_1_neutralizer_1_epik_1_stereoizer_1,-1.33,0.0,0.305353447822921,10.4330081939697,25_R_35_28_10_58,All properties and OPS components are within expected ranges.,All properties and OPS components are within expected ranges.,0.301938498488278,2,1,,0.28600001,1.76,Non-Carcinogen,104,0.00403229253483058,0,12.9941905570546,0.41,689-1,false,glide-grid_1,1,2,false,,J2VwaWtfcHl0aG9uJywgJy1waCcsICc3LjAwMDAwMCcsICctcGh0JywgJzIuMDAwMDAwJywgJy1tcycsICcxNicsICctdG4nLCAnOCcsICctbWEnLCAnMjAwJywgJy1pbWFlJywgJzxpbmZpbGUubWFlPicsICctb21hZScsICc8b3V0ZmlsZS5tYWU+Jw==,-15.0010013607177,3,7706-0350,DC,"All properties and OPS components are within expected ranges.
.
.
.
.
.
.
.",1.38,-9.90050559228081,-90.1389770507813,4.31780909109292e-05,13.8031374542559,-17.6681728363037,10,0.0016,17.7122473110669,"All properties and OPS components are within expected ranges.
.
.
.
.",0.157224541219462,0.16859388676876,416.48199,,0,10,7706-0350,-9.89890559228081,689,-10.9120074794066,6,1,-14.5944855561958,6,125,2.035,-10.660310567924,0,-2.24913920778131,103.824,2,W0NIM11uMWMoPU8pbihbQ0gzXSljKD1PKWMoYzEyKW4oYyhuMilbTkhdW0NIMl1bQ0gyXU4oW0NIM10pW0NIM10pW0NIMl1bQ0BASF0oW09IXSlbQ0gyXU9jM1tjSF1bY0hdW2NIXVtjSF1bY0hdMw==,0.0024,689,-9.90050559228081,7706-0350,1,-3.025,1,CL2394,103.17,OPLS_2005,dc01-LIGPREP-001-in.maegz,1.0,0,Non-Mutagen,40.9533950129371,0.0024,,1.86440967988891e-06,false,"OPS PC17 out of range. Value: 3.2465. Training min, max, SD, explained variance: -2.9517, 2.8461, 1.109, 0.0161.",3,-0.329963519742694,103.17,9,8.18654337528455e-15,40011,7706-0350-1,-47.3232536315918,-14.167780728392,0.0016,1
2,-0.996749862413438,-0.848,0,-58.7322177886963,552_sdstereoexpander_1_neutralizer_1_epik_2_stereoizer_1,-1.40139881413418,0.8019,0.473324055418446,6.22702503204346,,"OPS PC22 out of range. Value: -3.3491. Training min, max, SD, explained variance: -3.145, 3.0977, 1.007, 0.0127.","OPS PC37 out of range. Value: 3.8343. Training min, max, SD, explained variance: -3.2357, 3.588, 0.9593, 0.0076.",0.330262928495042,2,0,,1.416,2.54,Non-Carcinogen,87,0.833199632798188,0,11.1384387121827,0.37,552-2,false,glide-grid_1,1,2,false,,J2VwaWtfcHl0aG9uJywgJy1waCcsICc3LjAwMDAwMCcsICctcGh0JywgJzIuMDAwMDAwJywgJy1tcycsICcxNicsICctdG4nLCAnOCcsICctbWEnLCAnMjAwJywgJy1pbWFlJywgJzxpbmZpbGUubWFlPicsICctb21hZScsICc8b3V0ZmlsZS5tYWU+Jw==,-14.5622946001508,3,5228-0337,DC,"All properties and OPS components are within expected ranges.
.
.
.
.
.
.
.",1.58,-10.669399171426,-85.757163558281,0.000218797497727664,13.1387936184613,-12.0331630706787,9,0.8332,16.3576253526621,"All properties and OPS components are within expected ranges.
.
.
.
.",0.243711534917583,0.184409444470937,426.521,,0,9,5228-0337,-9.83619917142597,552,-2.53875567457344,5,1,-13.7686128992793,5,67,2.488,-5.14906844898323,0,-2.21836435645919,92.466,2,W2NIXTFbY0hdW2NIXVtjSF1bY0hdYzFbQ0gyXVtDSDJdW0NIMl1uKGMoYzIzKWMoPU8pW25IXWMoPU8pbjNbQ0gzXSljKG4yKVtOSF1bQ0gyXVtDSDJdW0NIMl1ONFtDSDJdW0NIMl1PW0NIMl1bQ0gyXTQ=,0.8019,552,-10.669399171426,5228-0337,0,-3.756,24,CL2394,91.730003,OPLS_2005,dc01-LIGPREP-001-in.maegz,,0,Non-Mutagen,45.6661999390012,0.0,,0.0039535444925321,false,All properties and OPS components are within expected ranges.,3,-0.317296747465354,91.730003,9,1.55474987105697e-10,40011,5228-0337-2,-46.6990547180176,-10.1270154134214,0.8332,1
2,-1.11606959034715,-0.519,0,-59.6627416610718,1491_sdstereoexpander_1_neutralizer_1_epik_1_stereoizer_1,-2.6495462995185,0.0,0.544311534807835,6.67286062240601,6_S_12_7_9_49,All properties and OPS components are within expected ranges.,All properties and OPS components are within expected ranges.,0.194800550557983,2,1,,2.9089999,2.4000001,Non-Carcinogen,93,0.0,0,10.8248100106752,2.4000001,1491-1,false,glide-grid_1,1,3,false,,J2VwaWtfcHl0aG9uJywgJy1waCcsICc3LjAwMDAwMCcsICctcGh0JywgJzIuMDAwMDAwJywgJy1tcycsICcxNicsICctdG4nLCAnOCcsICctbWEnLCAnMjAwJywgJy1pbWFlJywgJzxpbmZpbGUubWFlPicsICctb21hZScsICc8b3V0ZmlsZS5tYWU+Jw==,-16.9533699872334,2,8016-3001,DC,"All properties and OPS components are within expected ranges.
.
.
.
.
.
.
.",-3.6600001,-9.7950541403216,-83.7541838272934,0.000380623550484215,12.9054818523777,-15.7938947677612,9,-0.0,13.4977998937791,"All properties and OPS components are within expected ranges.
.
.
.
.",0.280262534943608,0.108771097848391,349.43399,,0,5,8016-3001,-9.7950541403216,1491,-6.83455759624751,2,1,-7.51509764198342,5,30,2.671,-16.5721123468258,0,-2.30033632466042,75.277,3,W2NIXTFbY0hdW2NIXVtjSF1jKGMxMilbbkhdW2NIXWMyW0NIMl1bQ0BIXShbTkhdQyg9TylbQ0gzXSlDKD1PKVtOSF1bQ0gyXVtDSDJdYzNbY0hdW2NIXVtjSF1bY0hdW2NIXTM=,0.0,1491,-9.7950541403216,8016-3001,0,-3.495,37,CL1173,73.989998,OPLS_2005,dc01-LIGPREP-001-in.maegz,1.0,0,Non-Mutagen,5.60212630898606,0.0,,0.010658552809887,false,All properties and OPS components are within expected ranges.,3,-0.376732851550831,73.989998,9,0.000887398955745581,40011,8016-3001-1,-43.8688468933105,-8.23859130607252,-0.0,1
2,-1.24045610038361,-0.935,0,-50.2045288085938,1778_sdstereoexpander_1_neutralizer_1_epik_1_stereoizer_1,-1.37844244747369,0.0,0.522572324332623,0.377370864152908,,All properties and OPS components are within expected ranges.,All properties and OPS components are within expected ranges.,0.361859766121825,2,0,,1.1339999,0.87,Non-Carcinogen,133,0.000466396887306995,0,10.2885071902503,0.87,1778-1,true,glide-grid_1,1,1,false,,J2VwaWtfcHl0aG9uJywgJy1waCcsICc3LjAwMDAwMCcsICctcGh0JywgJzIuMDAwMDAwJywgJy1tcycsICcxNicsICctdG4nLCAnOCcsICctbWEnLCAnMjAwJywgJy1pbWFlJywgJzxpbmZpbGUubWFlPicsICctb21hZScsICc8b3V0ZmlsZS5tYWU+Jw==,-14.0975815458445,3,8013-6899,DC,"All properties and OPS components are within expected ranges.
Unknown SCFP_2 feature: 1964617636: [*]C(=[*])Cn(:[*]):[*]
.
.
.
.
.
.",-3.9400001,-9.73934731678964,-66.0449769813396,0.226203882471577,9.5057480079531,-6.99874496459961,3,-0.0,12.392575253438,"All properties and OPS components are within expected ranges.
.
.
.
.",0.26906915423084,0.202052221697994,318.72,,0,7,8013-6899,-9.73934731678964,1778,-2.18754001348545,4,1,-2.07746954639629,7,5,1.809,-4.87585145289073,0,-2.3806517355484,84.674,1,W0NIM11uMWMoPU8pW25IXWMoPU8pYyhjMTIpbihbY0hdbjIpW0NIMl1DKD1PKWMzW2NIXVtjSF1jKENsKVtjSF1bY0hdMw==,0.0005,1778,-9.73934731678964,8013-6899,0,-3.525,20,,84.300003,OPLS_2005,dc01-LIGPREP-001-in.maegz,1.0,0,Non-Mutagen,34.8802671081926,0.0005,,0.0462521926305189,false,All properties and OPS components are within expected ranges.,3,-0.44269760530862,84.300003,3,0.0360048518229264,40011,8013-6899-1,-43.2057838439941,-8.79920833650028,-0.0,1
2,-0.922985860163213,-0.639,1,-66.5659980773926,235_sdstereoexpander_1_neutralizer_1_epik_1_stereoizer_1,-2.31549774711638,0.0009,0.506111429278114,9.159987449646,,All properties and OPS components are within expected ranges.,All properties and OPS components are within expected ranges.,0.272268556332654,2,0,,2.1040001,2.9200001,Non-Carcinogen,31,0.36069896514991,0,9.47485661581286,2.99,235-1,false,glide-grid_1,1,2,true,,J2VwaWtfcHl0aG9uJywgJy1waCcsICc3LjAwMDAwMCcsICctcGh0JywgJzIuMDAwMDAwJywgJy1tcycsICcxNicsICctdG4nLCAnOCcsICctbWEnLCAnMjAwJywgJy1pbWFlJywgJzxpbmZpbGUubWFlPicsICctb21hZScsICc8b3V0ZmlsZS5tYWU+Jw==,-15.4882595665035,3,C190-0356,DC,"OPS PC15 out of range. Value: 3.7143. Training min, max, SD, explained variance: -3.005, 3.2863, 0.9954, 0.0202.
.
.
.
.
.
.
.",-1.34,-9.97351471960993,-94.4157319416627,7.70074906524253e-06,14.4855713548014,-16.4360809326172,10,0.2867,14.469066237727,"All properties and OPS components are within expected ranges.
.
.
.
.",0.260593544436816,0.152027033276193,463.582,,0,8,C190-0356,-9.68681471960993,235,-5.46718575589462,5,1,-8.72132751627667,5,48,2.915,8.18498422131665,0,-2.14008907751142,87.58,2,W2NIXTFbY0hdW2NIXVtjSF1bY0hdYzFbQ0gyXVtDSDJdbihjMj1PKWMoPU8pW25IXWMoYzIzKVtjSF1jKFtjSF1bY0hdMylDKD1PKVtOSF1bQ0gyXVtDSDJdW0NIMl1ONFtDSDJdW0NIMl1OKFtDSDJdW0NIMl00KVtDSDJdW0NIM10=,0.0749,235,-9.97351471960993,C190-0356,1,-3.678,3,CL1755,84.989998,OPLS_2005,dc01-LIGPREP-001-in.maegz,,0,Non-Mutagen,47.6523906970255,0.074,,0.241069767359319,false,All properties and OPS components are within expected ranges.,3,-0.284906315282645,84.989998,10,1.10817989211345e-05,40011,C190-0356-1,-50.1299171447754,-9.25133779431841,0.2867,1
2,-1.00292837185464,-0.661,1,-64.6009845733643,540_sdstereoexpander_2_neutralizer_1_epik_1_stereoizer_1,-1.45922796379247,0.0,0.546382371367528,21.3835868835449,4_S_8_2_5_50,All properties and OPS components are within expected ranges.,All properties and OPS components are within expected ranges.,0.013993450419222,2,1,,2.4489999,3.0799999,Non-Carcinogen,85,0.00472757831959721,0,10.6031247587964,-1.4195,540-2,false,glide-grid_1,1,1,true,,J2VwaWtfcHl0aG9uJywgJy1waCcsICc3LjAwMDAwMCcsICctcGh0JywgJzIuMDAwMDAwJywgJy1tcycsICcxNicsICctdG4nLCAnOCcsICctbWEnLCAnMjAwJywgJy1pbWFlJywgJzxpbmZpbGUubWFlPicsICctb21hZScsICc8b3V0ZmlsZS5tYWU+Jw==,-25.6927081452621,3,8009-0459,DC,"All properties and OPS components are within expected ranges.
.
.
.
.
.
.
.",-1.12834,-9.68506697643271,-92.2261127420876,0.0103475595966385,11.3951531290155,-14.0539989471436,9,0.0019,13.6845293293728,"All properties and OPS components are within expected ranges.
.
.
.
.",0.281328795470089,0.00781354549782317,428.87198,,0,7,8009-0459,-9.68316697643271,540,-9.46611804568449,5,1,-7.25925277302932,7,49,3.31,4.33996693666016,0,-2.20012104360013,96.723,2,W2NIXTFbY0hdYyhDbClbY0hdW2NIXWMxTjJDKD1PKVtDQEBIXShbQ0gyXUMyPU8pTihDKD1PKVtDSDJdW0NIMl1DKD1PKVtPSF0pW0NIMl1bQ0gyXWMzW2NIXVtjSF1bY0hdW2NIXVtjSF0z,0.0028,540,-9.68506697643271,8009-0459,-1,-3.901,3,CL2943,94.989998,OPLS_2005,dc01-LIGPREP-001-in.maegz,1.0,0,Non-Mutagen,39.0657916428874,0.0028,,0.0202599604890863,false,"OPS PC8 out of range. Value: 4.8065. Training min, max, SD, explained variance: -4.2516, 4.6021, 1.692, 0.0374.",3,-0.322772232547757,94.989998,9,0.000413464667733674,40011,8009-0459-2,-50.5469856262207,-8.18713669956194,0.0019,1
2,-1.07397748347973,-0.928,0,-54.2463665008545,1093_sdstereoexpander_1_neutralizer_1_epik_1_stereoizer_1,-1.33,0.0,0.518686661174205,4.62913179397583,,All properties and OPS components are within expected ranges.,All properties and OPS components are within expected ranges.,0.0526448384663317,2,0,,1.14876,2.0,Non-Carcinogen,23,4.4116695544775e-09,0,11.2227553261442,1.14,1093-1,false,glide-grid_1,1,1,false,,J2VwaWtfcHl0aG9uJywgJy1waCcsICc3LjAwMDAwMCcsICctcGh0JywgJzIuMDAwMDAwJywgJy1tcycsICcxNicsICctdG4nLCAnOCcsICctbWEnLCAnMjAwJywgJy1pbWFlJywgJzxpbmZpbGUubWFlPicsICctb21hZScsICc8b3V0ZmlsZS5tYWU+Jw==,-21.6472321809138,3,4130-5257,DC,"All properties and OPS components are within expected ranges.
Unknown SCFP_2 feature: 1964617636: [*]C(=[*])Cn(:[*]):[*]
.
.
.
.
.
.",-0.02,-9.66579736193657,-76.460229385861,0.000232812591430997,13.1128233861558,-10.0879077911377,5,-0.0,13.5101551278773,"All properties and OPS components are within expected ranges.
.
.
.
.",0.267068451072676,0.0293953834300363,381.314,,0,8,4130-5257,-9.66579736193657,1093,-8.00234429364989,4,1,-15.4956252675707,7,53,2.003,-11.1698974659134,0,-2.2500382727352,88.026,1,W0NIM11uMWMoPU8pbihbQ0gzXSljKD1PKWMoYzEyKW4oW2NIXW4yKVtDSDJdQyg9TylbTkhdYyhbY0hdYzNDKEYpKEYpRilbY0hdW2NIXVtjSF0z,0.0,1093,-9.66579736193657,4130-5257,0,-3.969,2,CL0706,87.540001,OPLS_2005,dc01-LIGPREP-001-in.maegz,1.0,0,Non-Mutagen,43.1739994436771,0.0,,0.00297961238193695,false,All properties and OPS components are within expected ranges.,3,-0.35799249488654,87.540001,5,0.000844680322625502,40011,4130-5257-1,-44.1584587097168,-8.90363912904542,-0.0,1
2,-0.937231268199154,-0.747,1,-61.4059753417969,374_sdstereoexpander_1_neutralizer_1_epik_1_stereoizer_1,-0.0469615798272056,0.0008,0.494107531730388,7.9069504737854,,All properties and OPS components are within expected ranges.,All properties and OPS components are within expected ranges.,0.237789996031311,2,0,,1.763,2.5699999,Non-Carcinogen,59,0.223736123961641,0,9.46957302654732,2.8299999,374-1,false,glide-grid_1,1,2,true,,J2VwaWtfcHl0aG9uJywgJy1waCcsICc3LjAwMDAwMCcsICctcGh0JywgJzIuMDAwMDAwJywgJy1tcycsICcxNicsICctdG4nLCAnOCcsICctbWEnLCAnMjAwJywgJy1pbWFlJywgJzxpbmZpbGUubWFlPicsICctb21hZScsICc8b3V0ZmlsZS5tYWU+Jw==,-16.0995257188583,3,C190-0352,DC,"All properties and OPS components are within expected ranges.
.
.
.
.
.
.
.",-0.89999998,-9.8105944223932,-97.6954379518253,1.17581947698027e-07,16.0850270282413,-17.8083457946777,9,0.1681,15.2932283284412,"OPS PC6 out of range. Value: -7.6891. Training min, max, SD, explained variance: -7.6338, 8.0237, 1.823, 0.0353.
.
.
.
.",0.254412814210115,0.132775183907868,449.55499,,0,8,C190-0352,-9.6424944223932,374,-7.58420741128814,5,1,-9.00979430749437,5,17,2.566,7.9365962539574,0,-2.14444083337612,87.58,2,W2NIXTFbY0hdW2NIXVtjSF1bY0hdYzFbQ0gyXVtDSDJdbihjMj1PKWMoPU8pW25IXWMoYzIzKVtjSF1jKFtjSF1bY0hdMylDKD1PKVtOSF1bQ0gyXVtDSDJdW0NIMl1ONFtDSDJdW0NIMl1OKFtDSDNdKVtDSDJdW0NIMl00,0.0565,374,-9.8105944223932,C190-0352,1,-3.574,41,CL1755,84.989998,OPLS_2005,dc01-LIGPREP-001-in.maegz,,0,Non-Mutagen,43.150080697695,0.0557,,0.243106697112048,false,All properties and OPS components are within expected ranges.,3,-0.292196800678582,84.989998,9,1.2637287336554e-07,40011,C190-0352-1,-43.5976295471191,-9.59827518713677,0.1681,1
2,-1.07038387785315,-0.782,0,-52.5980672836304,1198_sdstereoexpander_1_neutralizer_1_epik_1_stereoizer_1,-1.41315871371805,0.0001,0.431593136797192,3.71969199180603,,All properties and OPS components are within expected ranges.,All properties and OPS components are within expected ranges.,0.485027701809197,2,0,,1.891,2.5799999,Non-Carcinogen,45,3.65966457187388e-05,0,12.4894375039155,1.4299999,1198-1,false,glide-grid_1,1,2,false,,J2VwaWtfcHl0aG9uJywgJy1waCcsICc3LjAwMDAwMCcsICctcGh0JywgJzIuMDAwMDAwJywgJy1tcycsICcxNicsICctdG4nLCAnOCcsICctbWEnLCAnMjAwJywgJy1pbWFlJywgJzxpbmZpbGUubWFlPicsICctb21hZScsICc8b3V0ZmlsZS5tYWU+Jw==,-12.4547645213291,3,4554-6901,DC,"All properties and OPS components are within expected ranges.
.
.
.
.
.
.
.",-4.54,-9.63345491126177,-71.8271731836256,1.18932837406893e-06,15.2070617977324,-8.33816051483154,9,-0.0,16.1740335158822,"All properties and OPS components are within expected ranges.
.
.
.
.",0.222224551287065,0.270825700756759,371.44098,,0,8,4554-6901,-9.63345491126177,1198,-4.28649607098688,4,1,-8.1953863641223,4,173,2.531,-3.18186318763171,0,-2.24250948342508,89.113,2,W0NIM11PW0NIMl1bQ0gyXVtDSDJdW05IXWMobjEpbihjKGMxMiljKD1PKVtuSF1jKD1PKW4yW0NIM10pW0NIMl1bQ0gyXVtDSDJdYzNbY0hdW2NIXVtjSF1bY0hdW2NIXTM=,0.0001,1198,-9.63345491126177,4554-6901,0,-3.582,47,CL2394,88.489998,OPLS_2005,dc01-LIGPREP-001-in.maegz,1.0,0,Non-Mutagen,24.4702987091939,0.0,,1.97909332507075e-05,false,All properties and OPS components are within expected ranges.,3,-0.356794626343029,88.489998,9,5.29347509874936e-10,40011,4554-6901-1,-44.2599067687988,-11.016458895232,-0.0,1
2,-1.04386341613067,-0.693,0,-59.6940879821777,1046_sdstereoexpander_1_neutralizer_1_epik_1_stereoizer_1,0.0,0.0,0.370807122395615,3.82738518714905,,All properties and OPS components are within expected ranges.,All properties and OPS components are within expected ranges.,0.074588129270576,2,0,,1.9217401,2.3299999,Non-Carcinogen,16,1.16222112850704e-09,0,12.2349321026416,2.33775,1046-1,false,glide-grid_1,1,0,false,,J2VwaWtfcHl0aG9uJywgJy1waCcsICc3LjAwMDAwMCcsICctcGh0JywgJzIuMDAwMDAwJywgJy1tcycsICcxNicsICctdG4nLCAnOCcsICctbWEnLCAnMjAwJywgJy1pbWFlJywgJzxpbmZpbGUubWFlPicsICctb21hZScsICc8b3V0ZmlsZS5tYWU+Jw==,-20.5435250093038,3,8013-5749,DC,"All properties and OPS components are within expected ranges.
Unknown SCFP_2 feature: 1964617636: [*]C(=[*])Cn(:[*]):[*]
.
.
.
.
.
.",-1.02109,-9.62533156605305,-81.7461907445694,2.09539329347976e-05,14.0917345569072,-9.78868865966797,8,-0.0,14.3620350407223,"All properties and OPS components are within expected ranges.
.
.
.
.",0.190926220467529,0.0416478941357169,386.40799,,0,9,8013-5749,-9.62533156605305,1046,-7.38271957313176,5,1,-14.5670144673356,9,37,3.02,-11.6203326083928,0,-2.22180913746008,93.076,0,W0NIM11uMWMoPU8pbihbQ0gzXSljKD1PKWMoYzEyKW4oW2NIXW4yKVtDSDJdQyg9TylPYzNjKFtjSF1bY0hdW2NIXVtjSF0zKU9bQ0gyXVtDSDJdW0NIMl1bQ0gzXQ==,0.0,1046,-9.62533156605305,8013-5749,0,-3.94,5,,93.970001,OPLS_2005,dc01-LIGPREP-001-in.maegz,1.0,0,Non-Mutagen,42.0609276668293,0.0,,6.04512192877449e-05,false,All properties and OPS components are within expected ranges.,3,-0.343761841644752,93.970001,8,1.88596231802308e-05,40011,8013-5749-1,-49.9053993225098,-12.4303358156956,-0.0,1
2,-1.06438372536188,-0.948,0,-58.7041664123535,707_sdstereoexpander_1_neutralizer_1_epik_1_stereoizer_1,-0.7,0.0,0.547395429965283,10.7135925292969,,"OPS PC27 out of range. Value: -2.4633. Training min, max, SD, explained variance: -2.3945, 4.4682, 0.8755, 0.0096.",All properties and OPS components are within expected ranges.,0.263485932654313,2,0,,2.0580001,2.6300001,Non-Carcinogen,112,0.0,0,10.6176578738405,2.0028501,707-1,true,glide-grid_1,1,2,true,,J2VwaWtfcHl0aG9uJywgJy1waCcsICc3LjAwMDAwMCcsICctcGh0JywgJzIuMDAwMDAwJywgJy1tcycsICcxNicsICctdG4nLCAnOCcsICctbWEnLCAnMjAwJywgJy1pbWFlJywgJzxpbmZpbGUubWFlPicsICctb21hZScsICc8b3V0ZmlsZS5tYWU+Jw==,-15.6388996376142,3,8013-3410,DC,"All properties and OPS components are within expected ranges.
.
.
.
.
.
.
.",-2.67769,-9.57945353878101,-91.1123079841968,0.00351821054428067,11.9176480338917,-12.4157028198242,11,-0.0,11.3225715574491,"All properties and OPS components are within expected ranges.
.
.
.
.",0.281850412875741,0.147123065516625,414.88498,,0,6,8013-3410,-9.57945353878101,707,-9.85923299447577,4,1,-0.519187234831793,6,44,1.983,6.06961203079824,0,-2.22993885419376,88.88,2,W2NIXTFbY0hdYyhDbClbY0hdW2NIXWMxUyg9TykoPU8pTihbQ0gyXUMoPU8pW05IXVtDSDJdW0NIMl1bQ0gyXVtPSF0pW0NIMl1jMmMoRilbY0hdW2NIXVtjSF1bY0hdMg==,0.0,707,-9.57945353878101,8013-3410,0,-2.969,2,CL2413,86.709999,OPLS_2005,dc01-LIGPREP-001-in.maegz,1.0,0,Non-Mutagen,3.77937268706561,0.0,,0.0194541254921946,false,All properties and OPS components are within expected ranges.,3,-0.354794575510408,95.089996,10,0.325527011461918,40011,8013-3410-1,-46.2884635925293,-8.1620809197239,-0.0,1
2,-1.01327528400144,-0.747,0,-57.0071487426758,865_sdstereoexpander_2_neutralizer_1_epik_1_stereoizer_1,-1.61990924092786,0.0,0.309295848753441,0.0,25_R_31_27_10_56,All properties and OPS components are within expected ranges.,All properties and OPS components are within expected ranges.,0.307706311705748,2,1,,1.806,2.95,Non-Carcinogen,130,1.70834297496939e-08,0,13.1190529158063,2.6099999,865-2,false,glide-grid_1,1,2,false,,J2VwaWtfcHl0aG9uJywgJy1waCcsICc3LjAwMDAwMCcsICctcGh0JywgJzIuMDAwMDAwJywgJy1tcycsICcxNicsICctdG4nLCAnOCcsICctbWEnLCAnMjAwJywgJy1pbWFlJywgJzxpbmZpbGUubWFlPicsICctb21hZScsICc8b3V0ZmlsZS5tYWU+Jw==,-14.9097479540509,3,7706-0385,DC,"All properties and OPS components are within expected ranges.
.
.
.
.
.
.
.",-1.74,-9.56443782859687,-77.9453627952775,2.51122298375466e-05,14.0198314640246,-8.42760848999023,10,-0.0,16.8437336622533,"All properties and OPS components are within expected ranges.
.
.
.
.",0.159254458294325,0.171814469944996,401.46698,,0,9,7706-0385,-9.56443782859687,865,-9.41157584351027,5,1,-15.8936935450783,5,104,3.225,-8.10379915100279,0,-2.19001372953169,100.471,2,W0NIM11uMWMoPU8pbihbQ0gzXSljKD1PKWMoYzEyKW4oYyhuMilbTkhdW0NIMl1bQ0gyXVtDSDJdW0NIM10pW0NIMl1bQ0BIXShbT0hdKVtDSDJdT2MzW2NIXVtjSF1bY0hdW2NIXVtjSF0z,0.0,865,-9.56443782859687,7706-0385,0,-3.876,42,CL2394,99.93,OPLS_2005,dc01-LIGPREP-001-in.maegz,1.0,0,Non-Mutagen,36.7921543383756,0.0,,1.00977655032232e-06,false,"OPS PC17 out of range. Value: 3.7715. Training min, max, SD, explained variance: -2.9517, 2.8461, 1.109, 0.0161.",3,-0.329808200986099,99.93,9,5.31854232007204e-12,40011,7706-0385-2,-48.5795402526855,-14.055116543941,-0.0,1
2,-1.07762505637384,-1.313,0,-46.1691389083862,1371_sdstereoexpander_1_neutralizer_1_epik_1_stereoizer_1,-1.30198126218275,0.0,0.532829960554367,5.38338756561279,,All properties and OPS components are within expected ranges.,All properties and OPS components are within expected ranges.,0.506449961483366,2,0,This compound has an imine and may undergo hydrolysis.,1.201,1.34,Non-Carcinogen,82,1.86776759256558e-09,0,12.4329692294928,0.49000001,1371-1,false,glide-grid_1,1,1,false,,J2VwaWtfcHl0aG9uJywgJy1waCcsICc3LjAwMDAwMCcsICctcGh0JywgJzIuMDAwMDAwJywgJy1tcycsICcxNicsICctdG4nLCAnOCcsICctbWEnLCAnMjAwJywgJy1pbWFlJywgJzxpbmZpbGUubWFlPicsICctb21hZScsICc8b3V0ZmlsZS5tYWU+Jw==,-12.1876185862019,3,3254-0654,DC,"All properties and OPS components are within expected ranges.
Unknown SCFP_2 feature: 1964617636: [*]C(=[*])Cn(:[*]):[*]
.
.
.
.
.
.",-2.3599999,-9.45765018726623,-75.1391503795822,5.33735003973401e-08,16.3822380835818,-9.28614711761475,5,-0.0,14.0025333745834,"All properties and OPS components are within expected ranges.
.
.
.
.",0.274350745647142,0.282787282469327,358.33301,,0,9,3254-0654,-9.45765018726623,1371,-7.12578780418645,5,1,-7.92517807322561,6,69,1.335,-13.477763961944,0,-2.22109811339804,99.35,1,W0NIM11uMWMoPU8pbihbQ0gzXSljKD1PKWMoYzEyKW4oW2NIXW4yKVtDSDJdQyg9TylbTkhdL049W0NIXS9jM1tjSF1jKEYpW2NIXVtjSF1bY0hdMw==,0.0,1371,-9.45765018726623,3254-0654,0,-3.016,1,,99.900002,OPLS_2005,dc01-LIGPREP-001-in.maegz,1.0,0,Non-Mutagen,37.422935971626,0.0,18_17_29_33_E,2.54678240214801e-05,false,All properties and OPS components are within expected ranges.,3,-0.363755776433317,99.900002,5,0.000103146469572348,40011,3254-0654-1,-36.8829917907715,-8.52986528474503,-0.0,1
2,-0.991809946544731,-0.891,0,-59.1584539413452,934_sdstereoexpander_2_neutralizer_1_epik_1_stereoizer_1,-1.95982286191594,0.0,0.537155602006892,10.2786302566528,6_S_12_7_9_54,All properties and OPS components are within expected ranges.,All properties and OPS components are within expected ranges.,0.420776332721376,2,1,,2.5610001,2.3900001,Non-Carcinogen,150,0.0,0,12.2961493609528,2.3900001,934-2,true,glide-grid_1,1,3,false,,J2VwaWtfcHl0aG9uJywgJy1waCcsICc3LjAwMDAwMCcsICctcGh0JywgJzIuMDAwMDAwJywgJy1tcycsICcxNicsICctdG4nLCAnOCcsICctbWEnLCAnMjAwJywgJy1pbWFlJywgJzxpbmZpbGUubWFlPicsICctb21hZScsICc8b3V0ZmlsZS5tYWU+Jw==,-13.2845391166657,3,8016-3057,DC,"All properties and OPS components are within expected ranges.
.
.
.
.
.
.
.",-3.72,-9.36182370308126,-87.2935930294659,0.000125653747609277,13.3688139789296,-12.4849309921265,11,-0.0,15.0590581361938,"All properties and OPS components are within expected ranges.
.
.
.
.",0.27657799082057,0.234949560089157,395.45898,,0,7,8016-3057,-9.36182370308126,934,-9.57040503780545,4,1,-3.55651132546992,7,31,2.383,-20.6208438770461,0,-2.14362023263953,93.137,3,W2NIXTFbY0hdW2NIXVtjSF1jKGMxMilbbkhdW2NIXWMyW0NIMl1bQ0BASF0oW05IXUMoPU8pW0NIM10pQyg9TylbTkhdW0NIMl1bQ0gyXU9jKFtjSF1bY0hdMylbY0hdW2NIXWMzT1tDSDNd,0.0,934,-9.36182370308126,8016-3057,0,-3.469,5,CL1173,92.449997,OPLS_2005,dc01-LIGPREP-001-in.maegz,1.0,0,Non-Mutagen,12.4918159471301,0.0,,4.6432054419303e-05,false,"OPS PC6 out of range. Value: 4.2756. Training min, max, SD, explained variance: -5.674, 3.9834, 1.993, 0.0519.",3,-0.322821507002802,92.449997,11,4.81529948183759e-07,40011,8016-3057-2,-46.6735229492188,-8.41890992408774,-0.0,1
2,-1.06549149564778,-0.988,0,-54.8688349723816,1147_sdstereoexpander_1_neutralizer_1_epik_1_stereoizer_1,0.0,0.0277,0.571959366880069,7.39818668365479,,All properties and OPS components are within expected ranges.,All properties and OPS components are within expected ranges.,0.229165871224186,2,0,,2.5020001,2.1800001,Non-Carcinogen,33,0.0227135210936858,0,11.8752344074186,2.52,1147-1,true,glide-grid_1,1,2,true,,J2VwaWtfcHl0aG9uJywgJy1waCcsICc3LjAwMDAwMCcsICctcGh0JywgJzIuMDAwMDAwJywgJy1tcycsICcxNicsICctdG4nLCAnOCcsICctbWEnLCAnMjAwJywgJy1pbWFlJywgJzxpbmZpbGUubWFlPicsICctb21hZScsICc8b3V0ZmlsZS5tYWU+Jw==,-16.2616095135539,3,7668-0017,DC,"All properties and OPS components are within expected ranges.
.
.
.
.
.
.
.",-4.8499999,-9.37386141160697,-84.753553156095,0.00067060417944455,12.6624089744471,-7.49018049240112,7,0.0227,12.4233357968733,"All properties and OPS components are within expected ranges.
.
.
.
.",0.294498227202078,0.127959717418859,376.43298,,0,7,7668-0017,-9.35116141160697,1147,-13.2329578097257,5,1,0.40887172183066,5,47,2.184,7.40441884475372,0,-2.19608957385263,95.383,2,W0NIM11bQ0gyXVtDSDJdW05IXUMoPU8pYzFjKFtjSF1bY0hdW2NIXVtjSF0xKVtOSF1TKD1PKSg9TyljKFtjSF0yKVtjSF1bY0hdYyhjMjMpT1tDSDJdW0NIMl1PMw==,0.0277,1147,-9.37386141160697,7668-0017,0,-3.713,1,,93.730003,OPLS_2005,dc01-LIGPREP-001-in.maegz,1.0,0,Non-Mutagen,17.2246682380332,0.0,,0.000267606123916036,false,All properties and OPS components are within expected ranges.,3,-0.359660054292576,102.11,7,0.0331173117060273,40011,7668-0017-1,-47.3786544799805,-7.57639025564478,0.0227,1
2,-0.946859236420615,-1.248,0,-56.7881202697754,429_sdstereoexpander_1_neutralizer_1_epik_1_stereoizer_1,-0.7,0.0001,0.493359557957264,5.12049579620361,,All properties and OPS components are within expected ranges.,All properties and OPS components are within expected ranges.,0.192020830733767,2,0,,1.438,1.46,Non-Carcinogen,66,0.0,0,10.1969675735472,3.4100001,429-1,true,glide-grid_1,1,1,true,,J2VwaWtfcHl0aG9uJywgJy1waCcsICc3LjAwMDAwMCcsICctcGh0JywgJzIuMDAwMDAwJywgJy1tcycsICcxNicsICctdG4nLCAnOCcsICctbWEnLCAnMjAwJywgJy1pbWFlJywgJzxpbmZpbGUubWFlPicsICctb21hZScsICc8b3V0ZmlsZS5tYWU+Jw==,-17.0130309947656,3,C447-0589,DC,"All properties and OPS components are within expected ranges.
.
.
.
.
.
.
.",-4.6100001,-9.34386488319812,-89.8115207819919,0.000110447369364775,13.4218346708842,-6.55834579467773,7,-0.0,13.1297629809594,"All properties and OPS components are within expected ranges.
.
.
.
.",0.254027687288634,0.107218981203315,443.52399,,0,8,C447-0589,-9.34386488319812,429,-16.9329564089199,5,1,-0.650956216843359,6,326,1.459,3.71175700442788,0,-2.1073278862299,97.648,1,W0NIMl0xW0NIMl1PW0NIMl1bQ0gyXU4xUyg9TykoPU8pYzJbY0hdW2NIXWMoW2NIXVtjSF0yKVtOSF1DKD1PKWMzW2NIXVtjSF1bY0hdYyhjMzQpW0NIMl1OKEM0PU8pW0NIMl1bQ0gyXVtDSDNd,0.0001,429,-9.34386488319812,C447-0589,0,-3.078,5,CL2799,96.019997,OPLS_2005,dc01-LIGPREP-001-in.maegz,1.0,0,Non-Mutagen,45.1940743141138,0.0,,0.0576824067403799,false,All properties and OPS components are within expected ranges.,3,-0.301414996232197,96.019997,7,0.00356497453395949,40011,C447-0589-1,-50.2297744750977,-9.62041632611327,-0.0,1
2,-1.06367845530843,-1.096,0,-51.3070497512817,1374_sdstereoexpander_1_neutralizer_1_epik_1_stereoizer_1,-1.97360464149885,0.0001,0.473132864750023,4.65706300735474,,All properties and OPS components are within expected ranges.,All properties and OPS components are within expected ranges.,0.526853921784014,2,0,,1.279,2.1800001,Non-Carcinogen,84,3.64193668023754e-05,0,11.4059850852792,1.84,1374-1,false,glide-grid_1,1,3,false,,J2VwaWtfcHl0aG9uJywgJy1waCcsICc3LjAwMDAwMCcsICctcGh0JywgJzIuMDAwMDAwJywgJy1tcycsICcxNicsICctdG4nLCAnOCcsICctbWEnLCAnMjAwJywgJy1pbWFlJywgJzxpbmZpbGUubWFlPicsICctb21hZScsICc8b3V0ZmlsZS5tYWU+Jw==,-11.9365740284371,3,4236-0934,DC,"All properties and OPS components are within expected ranges.
.
.
.
.
.
.
.",-1.4,-9.33524947525813,-72.2507465142591,0.000543241599067864,12.7533683178457,-8.43405628204346,9,-0.0,15.4960023895631,"All properties and OPS components are within expected ranges.
.
.
.
.",0.243613092062778,0.294180274717036,357.414,,0,8,4236-0934,-9.33524947525813,1374,-5.43702148244683,4,1,-9.1551898406425,4,32,2.123,-4.47883940740808,0,-2.19235270781243,100.999,3,W0NIM11uMWMoPU8pW25IXWMoPU8pYyhjMTIpbihjKG4yKVtOSF1bQ0gyXVtDSDJdW0NIMl1bT0hdKVtDSDJdW0NIMl1bQ0gyXWMzW2NIXVtjSF1bY0hdW2NIXVtjSF0z,0.0001,1374,-9.33524947525813,4236-0934,0,-2.951,9,CL2394,99.489998,OPLS_2005,dc01-LIGPREP-001-in.maegz,1.0,0,Non-Mutagen,26.9803149391402,0.0,,0.00157478794926283,false,All properties and OPS components are within expected ranges.,3,-0.359048056740697,99.489998,8,3.80837662785698e-08,40011,4236-0934-1,-42.8729934692383,-10.1309644723438,-0.0,1
2,-0.945193176914486,-0.843,0,-54.6117486953735,396_sdstereoexpander_1_neutralizer_1_epik_1_stereoizer_1,-0.367935494729138,0.0,0.50324219674871,3.20272564888,,All properties and OPS components are within expected ranges.,All properties and OPS components are within expected ranges.,0.175845202202432,2,0,,1.223,2.25,Non-Carcinogen,63,1.99796436351097e-09,0,11.8222232220847,1.39,396-1,false,glide-grid_1,1,0,false,,J2VwaWtfcHl0aG9uJywgJy1waCcsICc3LjAwMDAwMCcsICctcGh0JywgJzIuMDAwMDAwJywgJy1tcycsICcxNicsICctdG4nLCAnOCcsICctbWEnLCAnMjAwJywgJy1pbWFlJywgJzxpbmZpbGUubWFlPicsICctb21hZScsICc8b3V0ZmlsZS5tYWU+Jw==,-17.3733619917597,3,5692-0848,DC,"All properties and OPS components are within expected ranges.
.
.
.
.
.
.
.",-2.53,-9.32742375413284,-75.7897177696738,1.3682842456691e-05,14.2601526885841,-7.80264377593994,6,-0.0,15.3999725694639,"All properties and OPS components are within expected ranges.
.
.
.
.",0.259116194921676,0.0981869693907132,447.491,,0,9,5692-0848,-9.32742375413284,396,-9.13062867027002,5,1,-13.3586334104715,7,11,2.25,-9.79811472531803,0,-2.10361990776559,87.499,0,W2NIXTFbY0hdW2NIXWMoRilbY0hdYzFbQ0gyXW4oYyhjMjMpYyg9TyluKFtDSDNdKWMoPU8pbjNbQ0gzXSljKG4yKVNbQ0gyXUMoPU8pTjRbQ0gyXVtDSDJdT1tDSDJdW0NIMl00,0.0,396,-9.32742375413284,5692-0848,0,-3.728,20,CL2312,87.980003,OPLS_2005,dc01-LIGPREP-001-in.maegz,1.0,0,Non-Mutagen,53.6783966565048,0.0,,0.000330131773583937,false,"OPS PC18 out of range. Value: 3.261. Training min, max, SD, explained variance: -2.6373, 2.9771, 1.094, 0.0157.
Unknown FCFP_2 feature: -1410079687: [*]S[c]1:o:[*]:[*]:n:1",3,-0.300884637230092,87.980003,6,6.75260579334196e-08,40011,5692-0848-1,-46.8091049194336,-9.33286880367266,-0.0,1
2,-1.08325839325379,-0.973,0,-56.1836156845093,1278_sdstereoexpander_2_neutralizer_1_epik_1_stereoizer_1,-1.33,0.0001,0.35568022124082,9.65804767608643,28_S_35_11_31_43,All properties and OPS components are within expected ranges.,All properties and OPS components are within expected ranges.,0.216089936133551,2,1,,0.71499997,1.76,Non-Carcinogen,61,3.49577668420248e-09,0,11.7626470415327,1.47,1278-2,false,glide-grid_1,1,2,false,,J2VwaWtfcHl0aG9uJywgJy1waCcsICc3LjAwMDAwMCcsICctcGh0JywgJzIuMDAwMDAwJywgJy1tcycsICcxNicsICctdG4nLCAnOCcsICctbWEnLCAnMjAwJywgJy1pbWFlJywgJzxpbmZpbGUubWFlPicsICctb21hZScsICc8b3V0ZmlsZS5tYWU+Jw==,-16.5155894667163,3,6212-0081,DC,"All properties and OPS components are within expected ranges.
.
.
.
.
.
.
.",-2.4300001,-9.26172899243555,-76.4804611206055,0.00251816368850365,12.0727165754479,-9.25255489349365,6,-0.0,14.2273462848101,"All properties and OPS components are within expected ranges.
.
.
.
.",0.183137475617614,0.120658486436047,363.80499,,0,8,6212-0081,-9.26172899243555,1278,-8.06802652975379,4,1,-15.37447397012,5,30,2.035,-10.3144168050167,0,-2.19530732282809,91.541,2,W0NIM11uMWMoPU8pbihbQ0gzXSljKD1PKWMoYzEyKW4oW2NIXW4yKVtDSDJdW0NASF0oW09IXSlbQ0gyXVtOSF1jM1tjSF1jKENsKVtjSF1bY0hdW2NIXTM=,0.0001,1278,-9.26172899243555,6212-0081,0,-3.216,2,CL1320,90.699997,OPLS_2005,dc01-LIGPREP-001-in.maegz,1.0,0,Non-Mutagen,40.3349049255717,0.0,,0.000416780187994418,false,"OPS PC17 out of range. Value: 3.0713. Training min, max, SD, explained variance: -2.9517, 2.8461, 1.109, 0.0161.",3,-0.370469159697422,90.699997,5,3.62129729471e-05,40011,6212-0081-2,-46.9310607910156,-12.8090656742195,-0.0,1
2,-1.08182769231205,-0.348,0,-47.4985184669495,1581_sdstereoexpander_1_neutralizer_1_epik_1_stereoizer_1,-1.17634119280042,0.0,0.506882478123597,4.20194578170776,,All properties and OPS components are within expected ranges.,All properties and OPS components are within expected ranges.,0.495549173966591,2,0,,2.0947399,2.8099999,Non-Carcinogen,116,0.0,0,11.4445103306457,0.43000001,1581-1,false,glide-grid_1,1,0,true,,J2VwaWtfcHl0aG9uJywgJy1waCcsICc3LjAwMDAwMCcsICctcGh0JywgJzIuMDAwMDAwJywgJy1tcycsICcxNicsICctdG4nLCAnOCcsICctbWEnLCAnMjAwJywgJy1pbWFlJywgJzxpbmZpbGUubWFlPicsICctb21hZScsICc8b3V0ZmlsZS5tYWU+Jw==,-12.3230631962222,2,8016-9257,DC,"All properties and OPS components are within expected ranges.
.
.
.
.
.
.
.",5.27,-9.24949667143617,-69.2045822143555,1.78529587026328e-06,15.0513779840593,-4.8078408241272,7,-0.0,12.1125165785904,"All properties and OPS components are within expected ranges.
.
.
.
.",0.260990552565767,0.276700592148302,340.379,,0,6,8016-9257,-9.24949667143617,1581,-4.69511209812119,5,1,-4.95547397087494,5,31,2.805,0.307841527113738,0,-2.19240789617816,67.075,0,W2NIXTFuW2NIXVtjSF1jKGMxMilDKD1PKU4oQzI9TylbQ0gyXVtDSDJdYyhbY0hdMylbY0hdW2NIXWMoT1tDSDJdW0NIM10pYzNPW0NIMl1bQ0gzXQ==,0.0,1581,-9.24949667143617,8016-9257,0,-3.773,1,CL1058,68.730003,OPLS_2005,dc01-LIGPREP-001-in.maegz,1.0,0,Non-Mutagen,39.1435207173762,0.0,,0.0013717401517931,false,All properties and OPS components are within expected ranges.,3,-0.369979866857447,68.730003,7,0.0731434687312449,40011,8016-9257-1,-42.6906776428223,-9.22957190902402,-0.0,1
2,-1.0526316496429,-1.313,0,-53.2591562271118,1372_sdstereoexpander_1_neutralizer_1_epik_1_stereoizer_1,-1.33,0.0,0.569936020449539,0.615128874778748,,All properties and OPS components are within expected ranges.,All properties and OPS components are within expected ranges.,0.481145033754722,2,0,This compound has an imine and may undergo hydrolysis.,1.1619999,1.34,Non-Carcinogen,83,1.86776759256558e-09,0,12.4628173241961,0.47999999,1372-1,false,glide-grid_1,1,1,false,,J2VwaWtfcHl0aG9uJywgJy1waCcsICc3LjAwMDAwMCcsICctcGh0JywgJzIuMDAwMDAwJywgJy1tcycsICcxNicsICctdG4nLCAnOCcsICctbWEnLCAnMjAwJywgJy1pbWFlJywgJzxpbmZpbGUubWFlPicsICctb21hZScsICc8b3V0ZmlsZS5tYWU+Jw==,-12.5036267482757,3,8015-2237,DC,"All properties and OPS components are within expected ranges.
Unknown SCFP_2 feature: 1964617636: [*]C(=[*])Cn(:[*]):[*]
.
.
.
.
.
.",-1.62,-9.238298478199,-79.6242872939295,5.33735003973401e-08,16.3822380835818,-10.237114906311,5,-0.0,13.8531927391149,"All properties and OPS components are within expected ranges.
.
.
.
.",0.293456419039976,0.268657729128052,358.33301,,0,9,8015-2237,-9.238298478199,1372,-7.4481878448094,5,1,-9.21063569745544,6,62,1.335,-10.9965981968512,0,-2.16958408427526,99.35,1,W0NIM11uMWMoPU8pbihbQ0gzXSljKD1PKWMoYzEyKW4oW2NIXW4yKVtDSDJdQyg9TylbTkhdL049W0NIXS9jM2MoRilbY0hdW2NIXVtjSF1bY0hdMw==,0.0,1372,-9.238298478199,8015-2237,0,-3.025,2,,99.900002,OPLS_2005,dc01-LIGPREP-001-in.maegz,1.0,0,Non-Mutagen,35.8548794770925,0.0,19_17_23_18_E,2.22963657483584e-05,false,All properties and OPS components are within expected ranges.,3,-0.355319172238423,99.900002,5,0.00020069784059643,40011,8015-2237-1,-43.0220413208008,-7.62313336408315,-0.0,1
2,-1.10966353214392,-1.014,0,-54.9217643737793,1510_sdstereoexpander_1_neutralizer_1_epik_1_stereoizer_1,-1.33,0.0,0.438598702567997,1.68160331249237,,All properties and OPS components are within expected ranges.,"OPS PC9 out of range. Value: -4.1033. Training min, max, SD, explained variance: -4.0845, 6.2392, 1.79, 0.0264.",0.18101876918404,2,0,,0.80599999,1.73,Non-Carcinogen,99,4.4116695544775e-09,0,11.7344788933769,0.80000001,1510-1,false,glide-grid_1,1,1,false,,J2VwaWtfcHl0aG9uJywgJy1waCcsICc3LjAwMDAwMCcsICctcGh0JywgJzIuMDAwMDAwJywgJy1tcycsICcxNicsICctdG4nLCAnOCcsICctbWEnLCAnMjAwJywgJy1pbWFlJywgJzxpbmZpbGUubWFlPicsICctb21hZScsICc8b3V0ZmlsZS5tYWU+Jw==,-17.2555502281115,3,3455-3313,DC,"All properties and OPS components are within expected ranges.
Unknown SCFP_2 feature: 1964617636: [*]C(=[*])Cn(:[*]):[*]
.
.
.
.
.
.",-0.81999999,-9.23277265875359,-80.6966945816282,3.23682133519686e-05,13.918623455909,-10.3715782165527,4,-0.0,13.7965196506285,"All properties and OPS components are within expected ranges.
.
.
.
.",0.225831672386075,0.101075742337041,347.76199,,0,8,3455-3313,-9.23277265875359,1510,-10.4625467804254,4,1,-9.27145277299805,5,119,1.725,-11.3993105763492,0,-2.20982616157071,88.026,1,W0NIM11uMWMoPU8pbihbQ0gzXSljKD1PKWMoYzEyKW4oW2NIXW4yKVtDSDJdQyg9TylbTkhdYzNbY0hdYyhDbClbY0hdW2NIXVtjSF0z,0.0,1510,-9.23277265875359,3455-3313,0,-3.428,1,CL0706,87.540001,OPLS_2005,dc01-LIGPREP-001-in.maegz,1.0,0,Non-Mutagen,40.7049527044356,0.0,,0.000464831235486859,false,All properties and OPS components are within expected ranges.,3,-0.3846988607814,87.540001,4,0.000256753437256215,40011,3455-3313-1,-44.5501861572266,-10.8630585387652,-0.0,1
2,-1.02537915589368,-0.739,0,-51.2574157714844,1194_sdstereoexpander_3_neutralizer_1_epik_1_stereoizer_1,-1.97549732072844,0.0038,0.550088639243452,7.52697420120239,2_S_15_1_4_20,All properties and OPS components are within expected ranges.,All properties and OPS components are within expected ranges.,0.520012601818112,2,1,This compound has an ester and may undergo hydrolysis at high or low pH.,2.7797401,2.46,Non-Carcinogen,43,0.00270738671359277,0,11.4463806840108,2.46,1194-3,true,glide-grid_1,1,1,true,,J2VwaWtfcHl0aG9uJywgJy1waCcsICc3LjAwMDAwMCcsICctcGh0JywgJzIuMDAwMDAwJywgJy1tcycsICcxNicsICctdG4nLCAnOCcsICctbWEnLCAnMjAwJywgJy1pbWFlJywgJzxpbmZpbGUubWFlPicsICctb21hZScsICc8b3V0ZmlsZS5tYWU+Jw==,-12.0204098427939,3,8018-1096,DC,"All properties and OPS components are within expected ranges.
Unknown SCFP_2 feature: 512617870: [*]CC(C)(O[*])N([*])[*]
.
.
.
.
.
.",-2.76,-9.23111241318153,-71.699020585135,2.83945401197413e-07,15.7520161609046,-11.3639297485352,7,0.0027,11.8786974374388,"All properties and OPS components are within expected ranges.
.
.
.
.",0.283237129142373,0.290360275844899,372.42099,4_R_5_2_9_28,0,7,8018-1096,-9.22841241318153,1194,-8.42865501715685,5,1,-2.34429832114605,7,32,2.179,-1.46799083494371,0,-2.14822226751946,79.52,1,W0NIM11PYzFjKE9bQ0gzXSlbY0hdW2NIXWMoW2NIXTEpW0NIMl1bQ0gyXU4oW0NAXTIoW09IXSlbQ0gzXSlDKD1PKU9bQ0BAXTIoW0NIM10pYzNbY0hdbltjSF1bY0hdW2NIXTM=,0.0038,1194,-9.23111241318153,8018-1096,0,-3.222,8,,81.120003,OPLS_2005,dc01-LIGPREP-001-in.maegz,1.0,0,Non-Mutagen,29.7623296388862,0.0,,0.00136253060415,false,"All properties and OPS components are within expected ranges.
Unknown FCFP_2 feature: -836603894: [*]N1[*][*]=C([*])C12C(=[*])[*][*]:[c]2:[*]",3,-0.341793052340056,81.120003,6,0.122952722425712,40011,8018-1096-3,-39.8934860229492,-8.09583557697713,0.0027,1
