i_m_ct_enhanced_stereo_status,i_sd_h\_bond\_donors,r_i_glide_ligand_efficiency_sa,r_sd_ADMET\_BBB,i_epik_Tot_abs_Q,r_i_glide_energy,s_lp_label,r_glide_XP_HBond,r_sd_c\_log\_p,r_epik_Ionization_Penalty_Neutral,r_sd_TOPKAT\_WOE\_Enrichment,s_st_Chirality_2,s_st_Chirality_3,s_st_Chirality_1,s_sd_MF,s_sd_ADMET\_EXT\_Hepatotoxic\_Applicability,r_sd_MWt,s_sd_ADMET\_EXT\_PPB\_Applicability,i_sd_rotatable\_bonds,i_m_ct_format,b_sd_chiral_flag,s_sd_purity,r_sd_logP(o/w),s_sd_TOPKAT\_WOE\_Prediction,i_i_glide_lignum,r_epik_Charging_Adjusted_Penalty,s_sd_ADMET\_EXT\_PPB%23Prediction,r_sd_ADMET\_EXT\_Hepatotoxic\_Applicability%23MD,s_vsw_variant,s_sd_ADMET\_EXT\_Hepatotoxic%23Prediction,s_i_glide_gridfile,i_i_glide_confnum,i_sd_version,s_epik_cmdline,r_sd_TOPKAT\_Ames\_Score,s_sd_product\_name,i_sd_ADMET\_BBB\_Level,s_sd_TOPKAT\_WOE\_Applicability,r_i_glide_gscore,r_i_glide_emodel,r_sd_ADMET\_EXT\_CYP2D6\_Applicability%23MDpvalue,r_sd_ADMET\_EXT\_CYP2D6\_Applicability%23MD,s_sd_code,r_i_glide_ecoul,i_i_glide_rotatable_bonds,r_i_glide_eff_state_penalty,r_sd_ADMET\_EXT\_PPB\_Applicability%23MD,s_sd_TOPKAT\_Ames\_Applicability,r_sd_TOPKAT\_WOE\_Probability,r_sd_TOPKAT\_Ames\_Probability,r_sd_PARENT\_MW,r_sd_TOPKAT\_Ames\_Enrichment,r_i_glide_einternal,i_sd_ADMET\_Unknown\_AlogP98,s_m_title,r_i_docking_score,i_m_source_file_index,r_sd_ADMET\_EXT\_CYP2D6,b_lp_Chiralities_Consistent,r_sd_ADMET\_EXT\_Hepatotoxic,r_sd_ADMET\_AlogP98,r_sd_ADMET\_EXT\_PPB,i_f3d_flags,r_i_glide_ligand_efficiency_ln,r_sd_ADMET\_PSA\_2D,s_epik_input,r_epik_Ionization_Penalty,s_sd_acd\_code,i_sd_FLEXIBILITY,s_vsw_compound_code,r_glide_XP_GScore,s_sd_Name,i_epik_Tot_Q,r_sd_ADMET\_Solubility,i_sd_h\_bond\_acceptors,i_i_glide_posenum,s_lp_Force_Field,s_m_source_file,r_lp_tautomer_probability,i_sd_ADMET\_Absorption\_Level,s_sd_TOPKAT\_Ames\_Prediction,i_sd_hetero\_atom\_no,r_lp_Energy,i_sd_b\_rotN,r_epik_Ionization_Penalty_Charging,r_sd_ADMET\_EXT\_Hepatotoxic\_Applicability%23MDpvalue,s_sd_ADMET\_EXT\_CYP2D6%23Prediction,s_sd_ADMET\_EXT\_CYP2D6\_Applicability,i_sd_ADMET\_Solubility\_Level,r_i_glide_ligand_efficiency,r_sd_PSA,r_sd_ADMET\_EXT\_PPB\_Applicability%23MDpvalue,i_lp_mmshare_version,s_lp_Variant,r_i_glide_evdw,r_sd_TOPKAT\_WOE\_Score,r_epik_State_Penalty,i_glide_XP_PoseRank
2,2,-1.28745191940572,-1.443,1,-52.442253112793,77_sdstereoexpander_2_neutralizer_1_epik_1_stereoizer_1,-2.40416745274766,0.33000001,0.0,0.542540636956407,25_ANS_22_28_39_48,34_ANR_31_35_36_42,21_S_26_18_22_47,C17 H24 N2 O4,All properties and OPS components are within expected ranges.,320.38699,All properties and OPS components are within expected ranges.,7,2,1,90%,0.26699999,Non-Carcinogen,17,0.0496380208740062,true,10.9131043573956,77-4,false,glide-grid_1,1,0,J2VwaWtfcHl0aG9uJywgJy1waCcsICc3LjAwMDAwMCcsICctcGh0JywgJzIuMDAwMDAwJywgJy1tcycsICcxNicsICctdG4nLCAnOCcsICctbWEnLCAnMjAwJywgJy1pbWFlJywgJzxpbmZpbGUubWFlPicsICctb21hZScsICc8b3V0ZmlsZS5tYWU+Jw==,-14.6347968573244,1-[3-(4-acetylphenoxy)-2-hydroxypropyl]piperidine-4-carboxamide,3,"All properties and OPS components are within expected ranges.
.
.
.
.
.
.
.",-10.4346696315873,-75.2552557458586,3.99604962963374e-05,13.834237944034,HTS00802,-17.6241416931152,8,0.0223,12.3155046408099,"All properties and OPS components are within expected ranges.
.
.
.",0.279350710943512,0.181738314392448,320.39001,0.325479142910504,2.87222695350647,0,HTS00802,-10.4123696315873,77,-7.39640098668729,1,-6.09714900418509,0.655,-2.15432563272789,0,-2.51780539106568,94.239,W0NIM11DKD1PKWMxW2NIXVtjSF1jKFtjSF1bY0hdMSlPW0NIMl1bQ0BIXShbT0hdKVtDSDJdTjJbQ0gyXVtDSDJdW0NIXShbQ0gyXVtDSDJdMilDKD1PKVtOSDJd,0.0273,MFCD02180253,2,77,-10.4346696315873,HTS00802,1,-1.647,6,2,OPLS_2005,vsw_2-LIGPREP-001-in.maegz,0.99995,0,Non-Mutagen,6,25.5112437066017,7,0.0273,0.00814078826360847,false,All properties and OPS components are within expected ranges.,4,-0.452711723112493,92.860001,0.0441731677547777,40011,HTS00802-4,-34.8181114196777,-8.28284877606966,0.0223,1
2,2,-1.29124585281655,-0.826,0,-50.981894493103,172_sdstereoexpander_1_neutralizer_1_epik_1_stereoizer_1,-1.83985094462846,1.8,0.0008,0.448617494807717,,,4_R_5_19_13_37,C13 H15 F3 N2 O3 S,All properties and OPS components are within expected ranges.,336.332,All properties and OPS components are within expected ranges.,3,2,1,90%,2.1947601,Non-Carcinogen,31,0.000538172128800919,true,8.94925648287278,172-1,false,glide-grid_1,1,0,J2VwaWtfcHl0aG9uJywgJy1waCcsICc3LjAwMDAwMCcsICctcGh0JywgJzIuMDAwMDAwJywgJy1tcycsICcxNicsICctdG4nLCAnOCcsICctbWEnLCAnMjAwJywgJy1pbWFlJywgJzxpbmZpbGUubWFlPicsICctb21hZScsICc8b3V0ZmlsZS5tYWU+Jw==,-19.9052121723851,N-(2-oxo-3-azepanyl)-3-(trifluoromethyl)benzenesulfonamide,3,"All properties and OPS components are within expected ranges.
.
.
.
.
.
.
.",-10.1386192192578,-68.7442784323755,0.15184990857035,9.81462736003229,SCR00983,-10.8783941268921,4,0.0005,12.5867712342072,"All properties and OPS components are within expected ranges.
.
.
.",0.230990284560569,0.0500682904312338,336.32999,0.0896684021254976,13.2417993545532,0,SCR00983,-10.1381192192578,172,-9.3549468630562,1,-7.75162411843691,1.795,-0.46451393535061,0,-2.47812613407017,77.522,W2NIXTFbY0hdW2NIXWMoQyhGKShGKUYpW2NIXWMxUyg9TykoPU8pW05IXVtDQEBIXTJbQ0gyXVtDSDJdW0NIMl1bQ0gyXVtOSF1DMj1P,0.0008,MFCD04123613,1,172,-10.1386192192578,SCR00983,0,-3.973,5,11,OPLS_2005,vsw_2-LIGPREP-001-in.maegz,,0,Non-Mutagen,9,11.7470077812746,4,0.0,0.48270779280421,false,All properties and OPS components are within expected ranges.,3,-0.460823600875353,75.269997,0.020840314735985,40011,SCR00983-1,-40.1035003662109,-10.6466608417419,0.0005,1
2,2,-1.08788682848285,-1.027,1,-66.665060043335,73_sdstereoexpander_1_neutralizer_1_epik_1_stereoizer_1,-0.596202521221567,2.79,0.334,0.399054256108787,,,,C19 H19 Cl N4 O3 S,All properties and OPS components are within expected ranges.,418.90302,All properties and OPS components are within expected ranges.,8,2,0,TECH,2.7279999,Non-Carcinogen,16,0.318862946866526,true,12.8902056726461,73-1,true,glide-grid_1,1,0,J2VwaWtfcHl0aG9uJywgJy1waCcsICc3LjAwMDAwMCcsICctcGh0JywgJzIuMDAwMDAwJywgJy1tcycsICcxNicsICctdG4nLCAnOCcsICctbWEnLCAnMjAwJywgJy1pbWFlJywgJzxpbmZpbGUubWFlPicsICctb21hZScsICc8b3V0ZmlsZS5tYWU+Jw==,-18.0872396132354,N1-[3-(1H-imidazol-1-yl)propyl]-2-{[(4-chlorophenyl)sulfonyl]amino}benzamide,3,"All properties and OPS components are within expected ranges.
.
.
.
.
.
.
.",-10.3501658425215,-97.994536365663,1.76963471516105e-06,15.0547612812495,BTB04309,-18.2267322540283,9,0.3189,14.3512695431677,"All properties and OPS components are within expected ranges.
.
.
.",0.205470489315588,0.0819883962699653,418.89999,0.146834821461643,5.51521062850952,0,BTB04309,-10.0312658425215,73,-10.1797929365817,1,2.96386566653979,1.994,8.54831185152336,0,-2.31551068721726,94.132,W2NIXTFbY0hdYyhDbClbY0hdW2NIXWMxUyg9TykoPU8pW05IXWMyYyhbY0hdW2NIXVtjSF1bY0hdMilDKD1PKVtOSF1bQ0gyXVtDSDJdW0NIMl1uM1tjSF1bY0hdbltjSF0z,0.334,MFCD00206022,3,73,-10.3501658425215,BTB04309,1,-3.242,7,7,OPLS_2005,vsw_2-LIGPREP-001-in.maegz,1.0,0,Non-Mutagen,9,20.679095653786,9,0.0,3.08049911100975e-06,false,All properties and OPS components are within expected ranges.,3,-0.358259494375768,93.089996,1.98828289125366e-05,40011,BTB04309-1,-48.4383277893066,-11.7534989180232,0.3189,1
