i_m_ct_enhanced_stereo_status,r_i_glide_ligand_efficiency_sa,r_sd_ADMET\_BBB,i_epik_Tot_abs_Q,r_i_glide_energy,s_lp_label,r_glide_XP_HBond,r_epik_Ionization_Penalty_Neutral,r_sd_TOPKAT\_WOE\_Enrichment,r_i_glide_einternal,s_st_Chirality_1,s_sd_ADMET\_EXT\_Hepatotoxic\_Applicability,s_sd_ADMET\_EXT\_PPB\_Applicability,r_sd_TOPKAT\_Ames\_Enrichment,r_sd_logSw,i_m_ct_format,b_sd_chiral_flag,r_sd_logP,s_sd_TOPKAT\_WOE\_Prediction,i_i_glide_lignum,r_epik_Charging_Adjusted_Penalty,i_sd_version,r_sd_ADMET\_EXT\_Hepatotoxic\_Applicability%23MD,r_sd_logD,s_vsw_variant,s_sd_ADMET\_EXT\_Hepatotoxic%23Prediction,s_i_glide_gridfile,i_i_glide_confnum,i_sd_H\_donor,s_sd_ADMET\_EXT\_PPB%23Prediction,s_sd_Saltdata,s_epik_cmdline,r_sd_TOPKAT\_Ames\_Score,i_sd_ADMET\_BBB\_Level,s_sd_IDNUMBER,s_sd_Collection,s_sd_TOPKAT\_WOE\_Applicability,r_sd_PSA,r_i_glide_gscore,r_i_glide_emodel,r_sd_ADMET\_EXT\_CYP2D6\_Applicability%23MDpvalue,r_sd_ADMET\_EXT\_CYP2D6\_Applicability%23MD,r_i_glide_ecoul,i_i_glide_rotatable_bonds,r_i_glide_eff_state_penalty,r_sd_ADMET\_EXT\_PPB\_Applicability%23MD,s_sd_TOPKAT\_Ames\_Applicability,r_sd_TOPKAT\_WOE\_Probability,r_sd_TOPKAT\_Ames\_Probability,r_sd_Weight,i_sd_ADMET\_Unknown\_AlogP98,i_sd_N\_O,s_m_title,r_i_docking_score,i_m_source_file_index,r_sd_ADMET\_EXT\_CYP2D6,b_lp_Chiralities_Consistent,r_sd_ADMET\_EXT\_Hepatotoxic,i_sd_H\_acceptor,i_sd_available,r_sd_ADMET\_AlogP98,r_sd_ADMET\_EXT\_PPB,i_f3d_flags,r_i_glide_ligand_efficiency_ln,r_sd_ADMET\_PSA\_2D,s_epik_input,r_epik_Ionization_Penalty,s_vsw_compound_code,r_glide_XP_GScore,s_sd_Name,i_epik_Tot_Q,r_sd_ADMET\_Solubility,i_i_glide_posenum,s_lp_Force_Field,s_m_source_file,r_lp_tautomer_probability,i_sd_ADMET\_Absorption\_Level,s_sd_TOPKAT\_Ames\_Prediction,r_lp_Energy,r_epik_Ionization_Penalty_Charging,r_sd_ADMET\_EXT\_Hepatotoxic\_Applicability%23MDpvalue,s_sd_ADMET\_EXT\_CYP2D6%23Prediction,s_sd_ADMET\_EXT\_CYP2D6\_Applicability,i_sd_ADMET\_Solubility\_Level,r_i_glide_ligand_efficiency,s_sd_CLNUMBER,i_sd_B\_rotN,r_sd_ADMET\_EXT\_PPB\_Applicability%23MDpvalue,i_lp_mmshare_version,s_lp_Variant,r_i_glide_evdw,r_sd_TOPKAT\_WOE\_Score,r_epik_State_Penalty,i_glide_XP_PoseRank
2,-1.05396215627789,-0.524,1,-70.8212070465088,400_sdstereoexpander_1_neutralizer_1_epik_1_stereoizer_1,-1.1431852513975,0.0,0.561422410850966,12.9893560409546,,All properties and OPS components are within expected ranges.,All properties and OPS components are within expected ranges.,0.0598055111454541,-4.8200002,2,0,4.77,Non-Carcinogen,58,0.00464201667664108,0,11.8610999709107,3.6400001,400-1,false,glide-grid_1,1,1,true,not_available,J2VwaWtfcHl0aG9uJywgJy1waCcsICc3LjAwMDAwMCcsICctcGh0JywgJzIuMDAwMDAwJywgJy1tcycsICcxNicsICctdG4nLCAnOCcsICctbWEnLCAnMjAwJywgJy1pbWFlJywgJzxpbmZpbGUubWFlPicsICctb21hZScsICc8b3V0ZmlsZS5tYWU+Jw==,-21.285717970762,3,V022-5710,DC,"OPS PC4 out of range. Value: -5.689. Training min, max, SD, explained variance: -5.5047, 6.0489, 1.696, 0.0586.
.
.
.
.",88.18,-11.4929580431561,-102.374379231388,6.25508836413744e-05,13.6536027507869,-16.1737194061279,11,0.0019,16.9017952004083,"All properties and OPS components are within expected ranges.
.
.
.",0.289072815799859,0.0333936997921314,493.604,0,8,V022-5710,-11.4910580431561,400,-1.51812291840574,1,-9.7823506743586,8,1,3.375,2.71534730663676,0,-2.50703841250554,89.277,W0NIMl0xW0NIMl1bQ0gyXVtDSDJdW0NIMl1OMVtDSDJdW0NIMl1bTkhdQyg9TylbQ0gyXU4yQyg9TylbQ0gyXU9jKGMyMylbY0hdW2NIXWMoW2NIXTMpQyg9TylbQ0gyXU9jNFtjSF1bY0hdW2NIXVtjSF1jNFtDSF0oW0NIM10pW0NIM10=,0.0027,400,-11.4929580431561,V022-5710,1,-3.926,22,OPLS_2005,vsw_3-LIGPREP-001-in.maegz,0.99990000499975,0,Non-Mutagen,54.1679014638486,0.0027,0.000283082872400927,false,All properties and OPS components are within expected ranges.,3,-0.319196056754336,CV0012,10,3.51020222372043e-12,40011,V022-5710-1,-54.6474876403809,-7.82266948985685,0.0019,1
2,-1.07329252025212,-0.53,1,-72.1115837097168,433_sdstereoexpander_1_neutralizer_1_epik_1_stereoizer_1,-1.36375056159789,0.0,0.562015093354204,3.95035362243652,,All properties and OPS components are within expected ranges.,All properties and OPS components are within expected ranges.,0.0868101515380273,-4.1300001,2,0,2.3900001,Non-Carcinogen,64,0.275137453680012,0,13.947822793049,2.27,433-1,true,glide-grid_1,1,0,true,not_available,J2VwaWtfcHl0aG9uJywgJy1waCcsICc3LjAwMDAwMCcsICctcGh0JywgJzIuMDAwMDAwJywgJy1tcycsICcxNicsICctdG4nLCAnOCcsICctbWEnLCAnMjAwJywgJy1pbWFlJywgJzxpbmZpbGUubWFlPicsICctb21hZScsICc8b3V0ZmlsZS5tYWU+Jw==,-20.0189074351753,3,V010-7949,DC,"All properties and OPS components are within expected ranges.
.
.
.
.",79.389999,-11.6162956101491,-115.728117870109,3.3036243673095e-06,14.8143083260525,-15.9557685852051,10,0.1322,17.5877792791093,"All properties and OPS components are within expected ranges.
.
.
.",0.289377984237697,0.0484723244371212,499.995,0,8,V010-7949,-11.4840956101491,433,-6.63946972284903,1,-3.30922614304118,8,16,2.87,1.70550429917349,0,-2.52101386219744,79.82,W0NIMl0xW0NIMl1OKFtDSDJdW0NIM10pW0NIMl1bQ0gyXU4xQyg9TylbQ0gyXVtDSDJdW0NIMl1OMkMoPU8pW0NIMl1PYyhjMjMpW2NIXVtjSF1jKFtjSF0zKUMoPU8pW0NIMl1PYyhbY0hdNClbY0hdW2NIXVtjSF1jNENs,0.1429,433,-11.6162956101491,V010-7949,1,-3.344,8,OPLS_2005,vsw_3-LIGPREP-001-in.maegz,0.99990000499975,0,Non-Mutagen,73.7861551235089,0.1429,1.32026970018659e-08,false,"OPS PC10 out of range. Value: -4.1368. Training min, max, SD, explained variance: -3.6342, 6.9895, 1.549, 0.0314.",3,-0.328117017432831,CL2531,9,2.1412913145425e-14,40011,V010-7949-1,-56.1558151245117,-7.80862573564939,0.1322,1
2,-1.04024170495065,-0.638,1,-67.4551029205322,367_sdstereoexpander_1_neutralizer_1_epik_1_stereoizer_1,-1.31545177834887,0.0,0.550496017479243,9.98925685882568,,All properties and OPS components are within expected ranges.,"OPS PC25 out of range. Value: -3.0791. Training min, max, SD, explained variance: -2.9886, 4.7328, 1.181, 0.0115.",0.0642666162882265,-3.8299999,2,0,1.88,Non-Carcinogen,52,0.163314891276426,0,13.8732208341722,1.58,367-1,true,glide-grid_1,1,0,true,not_available,J2VwaWtfcHl0aG9uJywgJy1waCcsICc3LjAwMDAwMCcsICctcGh0JywgJzIuMDAwMDAwJywgJy1tcycsICcxNicsICctdG4nLCAnOCcsICctbWEnLCAnMjAwJywgJy1pbWFlJywgJzxpbmZpbGUubWFlPicsICctb21hZScsICc8b3V0ZmlsZS5tYWU+Jw==,-21.0466064563843,3,V017-7655,DC,"All properties and OPS components are within expected ranges.
.
.
.
.",79.389999,-10.9943247346391,-107.280335484093,0.000427815345414281,12.855706020845,-14.3047275543213,9,0.0769,17.036227071984,"All properties and OPS components are within expected ranges.
.
.
.",0.283446885595695,0.035884654271503,485.96799,0,8,V017-7655,-10.9174247346391,367,-9.98828361766364,1,-3.34313572636905,8,15,2.522,0.955259452555182,0,-2.41196534727312,79.82,W0NIMl0xW0NIMl1OKFtDSDNdKVtDSDJdW0NIMl1OMUMoPU8pW0NIMl1bQ0gyXVtDSDJdTjJDKD1PKVtDSDJdT2MoYzIzKVtjSF1bY0hdYyhbY0hdMylDKD1PKVtDSDJdT2MoW2NIXTQpW2NIXVtjSF1bY0hdYzRDbA==,0.0864,367,-10.9943247346391,V017-7655,1,-3.233,9,OPLS_2005,vsw_3-LIGPREP-001-in.maegz,0.99990000499975,0,Non-Mutagen,77.1175122893058,0.0864,1.98630643419557e-08,false,"OPS PC10 out of range. Value: -3.8575. Training min, max, SD, explained variance: -3.6342, 6.9895, 1.549, 0.0314.",3,-0.321100727489387,CL2531,8,1.32808099701741e-12,40011,V017-7655-1,-53.1503753662109,-8.08586098679007,0.0769,1
2,-1.05692238160076,-0.828,1,-69.6746091842651,291_sdstereoexpander_1_neutralizer_1_epik_1_stereoizer_1,-0.624605751181628,0.0,0.571987031278528,12.2912139892578,,All properties and OPS components are within expected ranges.,"OPS PC11 out of range. Value: -5.5176. Training min, max, SD, explained variance: -5.2845, 6.3989, 1.696, 0.0237.",0.0917012008183898,-4.4200001,2,0,3.3199999,Non-Carcinogen,42,0.00939962979395388,0,12.3450313422567,1.1799999,291-1,false,glide-grid_1,1,1,true,not_available,J2VwaWtfcHl0aG9uJywgJy1waCcsICc3LjAwMDAwMCcsICctcGh0JywgJzIuMDAwMDAwJywgJy1tcycsICcxNicsICctdG4nLCAnOCcsICctbWEnLCAnMjAwJywgJy1pbWFlJywgJzxpbmZpbGUubWFlPicsICctb21hZScsICc8b3V0ZmlsZS5tYWU+Jw==,-19.8261697514657,3,V021-2650,DC,"OPS PC4 out of range. Value: -5.6575. Training min, max, SD, explained variance: -5.5047, 6.0489, 1.696, 0.0586.
.
.
.
.",88.18,-10.8779096904759,-96.022622127187,4.08937692032808e-05,13.8249715073472,-14.1483373641968,10,0.004,16.5688120567117,"All properties and OPS components are within expected ranges.
.
.
.",0.294512471424263,0.0512033475185845,471.94098,0,8,V021-2650,-10.8739096904759,291,-3.70428495899154,1,-5.30881117990368,8,1,2.389,3.08922061466089,0,-2.41830121307069,89.277,W0NIMl0xW0NIMl1bQ0gyXVtDSDJdTjFbQ0gyXVtDSDJdW05IXUMoPU8pW0NIMl1OMkMoPU8pW0NIMl1PYyhjMjMpW2NIXVtjSF1jKFtjSF0zKUMoPU8pW0NIMl1PYyhbY0hdW2NIXTQpW2NIXVtjSF1jNENs,0.0054,291,-10.8779096904759,V021-2650,1,-3.406,2,OPLS_2005,vsw_3-LIGPREP-001-in.maegz,0.99990000499975,0,Non-Mutagen,58.9591313046488,0.0054,3.75298738736192e-05,false,All properties and OPS components are within expected ranges.,3,-0.329512414862907,CV0012,9,3.67142713533917e-11,40011,V021-2650-1,-55.5262718200684,-7.57575291939385,0.004,1
2,-1.15627769560092,-1.097,0,-62.1744174957275,50_sdstereoexpander_1_neutralizer_1_epik_1_stereoizer_1,-1.33,0.0086,0.555361549306852,6.27597856521606,11_S_2_8_12_53,All properties and OPS components are within expected ranges.,All properties and OPS components are within expected ranges.,0.371712743492,-2.99,2,1,1.5599999,Non-Carcinogen,8,0.00650191882095223,0,10.5414336336798,1.5599999,50-1,true,glide-grid_1,1,1,false,not_available,J2VwaWtfcHl0aG9uJywgJy1waCcsICc3LjAwMDAwMCcsICctcGh0JywgJzIuMDAwMDAwJywgJy1tcycsICcxNicsICctdG4nLCAnOCcsICctbWEnLCAnMjAwJywgJy1pbWFlJywgJzxpbmZpbGUubWFlPicsICctb21hZScsICc8b3V0ZmlsZS5tYWU+Jw==,-13.9572044606684,3,V029-2513,DC,"All properties and OPS components are within expected ranges.
.
.
.
.",80.760002,-10.6683893148349,-92.1630836202244,4.99011408745471e-06,14.6545301491634,-9.90783882141113,9,0.0065,12.2797767130447,"All properties and OPS components are within expected ranges.
.
.
.",0.285952116877145,0.20755384457616,383.448,0,7,V029-2513,-10.6618893148349,50,-11.4695671983993,1,-3.20284178375036,7,2,1.037,-3.59393356915262,0,-2.46107710053691,79.885,W2NIXTFuW2NIXVtjSF1bY0hdYzFbQ0gyXVtOSF1DKD1PKVtDQEBIXTJbQ0gyXU4oQyg9TylbQ0gyXTIpW0NIMl1bQ0gyXWMzW2NIXVtjSF1jKE9bQ0gzXSljKFtjSF0zKU9bQ0gzXQ==,0.0086,50,-10.6683893148349,V029-2513,0,-2.1,2,OPLS_2005,vsw_3-LIGPREP-001-in.maegz,1.0,0,Non-Mutagen,23.2966257372391,0.0,0.0240116362747934,false,All properties and OPS components are within expected ranges.,3,-0.380781761244103,CL2726A,8,0.0484474089711356,40011,V029-2513-1,-52.2665786743164,-7.96764114823023,0.0065,1
2,-0.987643821512124,-0.665,1,-65.5645437240601,319_sdstereoexpander_1_neutralizer_1_epik_1_stereoizer_1,0.0,0.0,0.520878499848405,18.0536460876465,,All properties and OPS components are within expected ranges.,All properties and OPS components are within expected ranges.,0.0847352998403742,-4.5500002,2,0,3.96,Non-Carcinogen,48,0.00939962979395388,0,12.2831723641062,1.8200001,319-1,false,glide-grid_1,1,1,true,not_available,J2VwaWtfcHl0aG9uJywgJy1waCcsICc3LjAwMDAwMCcsICctcGh0JywgJzIuMDAwMDAwJywgJy1tcycsICcxNicsICctdG4nLCAnOCcsICctbWEnLCAnMjAwJywgJy1pbWFlJywgJzxpbmZpbGUubWFlPicsICctb21hZScsICc8b3V0ZmlsZS5tYWU+Jw==,-20.1034103098941,3,V013-6115,DC,"All properties and OPS components are within expected ranges.
.
.
.
.",88.18,-10.5716652552782,-92.5132852989499,1.53900775233671e-05,14.2138033826297,-11.1609373092651,11,0.004,16.5420752923873,"All properties and OPS components are within expected ranges.
.
.
.",0.268197014815562,0.0473137861456232,479.577,0,8,V013-6115,-10.5676652552782,319,-4.23528278638786,1,-6.73028208155547,8,9,2.919,-0.269949273042903,0,-2.31983706022739,89.277,W0NIMl0xW0NIMl1bQ0gyXVtDSDJdTjFbQ0gyXVtDSDJdW05IXUMoPU8pW0NIMl1OMkMoPU8pW0NIMl1PYyhjMjMpW2NIXVtjSF1jKFtjSF0zKUMoPU8pW0NIMl1PYyhbY0hdNClbY0hdW2NIXVtjSF1jNFtDSF0oW0NIM10pW0NIM10=,0.0054,319,-10.5716652552782,V013-6115,1,-3.59,4,OPLS_2005,vsw_3-LIGPREP-001-in.maegz,0.99990000499975,0,Non-Mutagen,59.9302851637292,0.0054,4.9115484846116e-05,false,All properties and OPS components are within expected ranges.,3,-0.301933293007947,CV0012,10,4.41624753542903e-11,40011,V013-6115-1,-54.4036064147949,-8.84456396825085,0.004,1
