i_m_ct_enhanced_stereo_status,r_i_glide_ligand_efficiency_sa,r_sd_ADMET\_BBB,i_epik_Tot_abs_Q,r_i_glide_energy,s_lp_label,r_glide_XP_HBond,r_epik_Ionization_Penalty_Neutral,r_sd_TOPKAT\_WOE\_Enrichment,r_i_glide_einternal,s_st_Chirality_3,s_st_Chirality_1,s_sd_ADMET\_EXT\_Hepatotoxic\_Applicability,s_sd_ADMET\_EXT\_PPB\_Applicability,r_sd_TOPKAT\_Ames\_Enrichment,r_sd_logSw,i_m_ct_format,b_sd_chiral_flag,s_epik_Chemistry_Notes,r_sd_logP,s_sd_TOPKAT\_WOE\_Prediction,i_i_glide_lignum,r_epik_Charging_Adjusted_Penalty,i_sd_version,r_sd_ADMET\_EXT\_Hepatotoxic\_Applicability%23MD,r_sd_logD,s_vsw_variant,s_sd_ADMET\_EXT\_Hepatotoxic%23Prediction,s_i_glide_gridfile,i_i_glide_confnum,i_sd_H\_donor,s_sd_ADMET\_EXT\_PPB%23Prediction,s_epik_cmdline,r_sd_TOPKAT\_Ames\_Score,i_sd_ADMET\_BBB\_Level,s_sd_IDNUMBER,s_sd_Collection,s_sd_TOPKAT\_WOE\_Applicability,r_sd_PSA,r_i_glide_gscore,r_i_glide_emodel,r_sd_ADMET\_EXT\_CYP2D6\_Applicability%23MDpvalue,r_sd_ADMET\_EXT\_CYP2D6\_Applicability%23MD,r_i_glide_ecoul,i_i_glide_rotatable_bonds,r_i_glide_eff_state_penalty,r_sd_ADMET\_EXT\_PPB\_Applicability%23MD,s_sd_TOPKAT\_Ames\_Applicability,r_sd_TOPKAT\_WOE\_Probability,r_sd_TOPKAT\_Ames\_Probability,r_sd_Weight,s_st_Chirality_2,i_sd_ADMET\_Unknown\_AlogP98,i_sd_N\_O,s_m_title,r_i_docking_score,i_m_source_file_index,r_sd_ADMET\_EXT\_CYP2D6,b_lp_Chiralities_Consistent,r_sd_ADMET\_EXT\_Hepatotoxic,i_sd_H\_acceptor,i_sd_available,r_sd_ADMET\_AlogP98,r_sd_ADMET\_EXT\_PPB,i_f3d_flags,r_i_glide_ligand_efficiency_ln,r_sd_ADMET\_PSA\_2D,s_epik_input,r_epik_Ionization_Penalty,s_vsw_compound_code,r_glide_XP_GScore,s_sd_Name,i_epik_Tot_Q,r_sd_ADMET\_Solubility,i_i_glide_posenum,s_lp_Force_Field,s_m_source_file,r_lp_tautomer_probability,i_sd_ADMET\_Absorption\_Level,s_sd_TOPKAT\_Ames\_Prediction,r_lp_Energy,r_epik_Ionization_Penalty_Charging,r_sd_ADMET\_EXT\_Hepatotoxic\_Applicability%23MDpvalue,s_sd_ADMET\_EXT\_CYP2D6%23Prediction,s_sd_ADMET\_EXT\_CYP2D6\_Applicability,i_sd_ADMET\_Solubility\_Level,r_i_glide_ligand_efficiency,s_sd_CLNUMBER,i_sd_B\_rotN,r_sd_ADMET\_EXT\_PPB\_Applicability%23MDpvalue,i_lp_mmshare_version,s_lp_Variant,r_i_glide_evdw,r_sd_TOPKAT\_WOE\_Score,r_epik_State_Penalty,i_glide_XP_PoseRank
2,-1.23078282254009,-0.988,0,-58.5776634216309,1045_sdstereoexpander_2_neutralizer_1_epik_1_stereoizer_1,-1.2596288330943,0.0,0.46122689588125,10.758508682251,,1_R_2_5_15_49,All properties and OPS components are within expected ranges.,All properties and OPS components are within expected ranges.,0.129760714767377,-4.5545998,2,1,,3.0599999,Non-Carcinogen,48,0.0,0,13.0497545077726,1.64351,1045-2,false,glide-grid_1,1,3,false,J2VwaWtfcHl0aG9uJywgJy1waCcsICc3LjAwMDAwMCcsICctcGh0JywgJzIuMDAwMDAwJywgJy1tcycsICcxNicsICctdG4nLCAnOCcsICctbWEnLCAnMjAwJywgJy1pbWFlJywgJzxpbmZpbGUubWFlPicsICctb21hZScsICc8b3V0ZmlsZS5tYWU+Jw==,-18.5598901901288,3,Y040-3226,DC,"All properties and OPS components are within expected ranges.
.
.
.
.
.
.",92.449997,-11.3488915979675,-99.6715642099522,0.0002355912190987,13.1078553526716,-9.83296585083008,8,-0.0,13.5388407693945,"All properties and OPS components are within expected ranges.
.
.",0.237482784687792,0.0724546997552677,379.41599,,0,7,Y040-3226,-11.3488915979675,1045,-5.67184763792362,1,-8.15409597511562,7,5,2.069,-2.89296207722841,0,-2.61965739874745,93.137,W2NIXTFbY0hdW2NIXVtjSF1jKGMxMilPW0NIMl1bQ0BIXShPMilDKD1PKVtOSF1bQ0gyXUMoPU8pW05IXVtDSDJdW0NIMl1jM1tjSF1bbkhdYyhjMzQpW2NIXVtjSF1bY0hdW2NIXTQ=,0.0,1045,-11.3488915979675,Y040-3226,0,-3.616,1,OPLS_2005,dc03-LIGPREP-001-in.maegz,1.0,0,Non-Mutagen,11.4144985398822,0.0,1.42110018414073e-06,false,All properties and OPS components are within expected ranges.,3,-0.405317557070269,CL0755,6,0.000752766613573623,40011,Y040-3226-2,-48.7446975708008,-10.379055507901,-0.0,1
2,-1.22415571165143,-0.24,1,-68.7174072265625,991_sdstereoexpander_2_neutralizer_1_epik_1_stereoizer_1,-1.89,0.0,0.539104826932397,6.50680875778198,50_ANS_41_44_51_59,2_R_4_5_8_63,All properties and OPS components are within expected ranges.,All properties and OPS components are within expected ranges.,0.180596193965879,-3.1900001,2,1,,2.49,Non-Carcinogen,37,0.000500233961706112,0,10.5706363296362,3.3599999,991-3,false,glide-grid_1,1,1,true,J2VwaWtfcHl0aG9uJywgJy1waCcsICc3LjAwMDAwMCcsICctcGh0JywgJzIuMDAwMDAwJywgJy1tcycsICcxNicsICctdG4nLCAnOCcsICctbWEnLCAnMjAwJywgJy1pbWFlJywgJzxpbmZpbGUubWFlPicsICctb21hZScsICc8b3V0ZmlsZS5tYWU+Jw==,-17.2650788111663,2,K786-8641,DC,"OPS PC5 out of range. Value: -4.2341. Training min, max, SD, explained variance: -3.6694, 5.9692, 1.498, 0.0457.
.
.
.
.
.
.",52.650002,-11.2879838527945,-107.323727536292,1.06852652658398e-08,16.9853965051613,-21.1439590454102,9,0.0002,13.0304628912676,"All properties and OPS components are within expected ranges.
.
.",0.277581634292851,0.100839788330385,385.552,11_ANR_19_22_38_64,0,5,K786-8641,-11.2877838527945,991,-4.89679834863364,1,-11.3258227389163,3,160,2.494,5.15153666631107,0,-2.60555193696014,54.116,W2NIXTFbY0hdYyhbQ0gzXSlbY0hdW2NIXWMxW0NIMl1bQ0gyXU4yQyg9TylbQ0gyXVtDQEBIXShbQ0gyXTIpQyg9TylbTkhdW0NIMl1bQ0gyXVtDSDJdTjNbQ0gyXVtDSDJdW0NIXShbQ0gzXSlbQ0gyXVtDSDJdMw==,0.0003,991,-11.2879838527945,K786-8641,1,-3.116,24,OPLS_2005,dc03-LIGPREP-001-in.maegz,,0,Non-Mutagen,32.3914883319208,0.0003,0.0221669190059278,false,All properties and OPS components are within expected ranges.,3,-0.403135137599803,CL2726A,9,0.00505219457396846,40011,K786-8641-3,-47.5734481811523,-8.36939906029045,0.0002,1
2,-1.25165121783958,-0.468,1,-63.343412399292,1237_sdstereoexpander_2_neutralizer_1_epik_1_stereoizer_1,-1.89,0.0,0.548704095041809,4.55426836013794,,2_R_4_5_8_57,All properties and OPS components are within expected ranges.,All properties and OPS components are within expected ranges.,0.160058414579438,-2.5699999,2,1,,1.76,Non-Carcinogen,86,0.000768693561231453,0,8.48936980261413,2.51,1237-2,false,glide-grid_1,1,1,true,J2VwaWtfcHl0aG9uJywgJy1waCcsICc3LjAwMDAwMCcsICctcGh0JywgJzIuMDAwMDAwJywgJy1tcycsICcxNicsICctdG4nLCAnOCcsICctbWEnLCAnMjAwJywgJy1pbWFlJywgJzxpbmZpbGUubWFlPicsICctb21hZScsICc8b3V0ZmlsZS5tYWU+Jw==,-17.7496698089072,2,K786-8781,DC,"OPS PC5 out of range. Value: -4.2059. Training min, max, SD, explained variance: -3.6694, 5.9692, 1.498, 0.0457.
.
.
.
.
.
.",52.650002,-10.9852704261942,-92.3346922183351,0.37068219517227,9.05534286997386,-21.3623104095459,9,0.0003,12.7562655131033,"All properties and OPS components are within expected ranges.
.
.",0.282524236170464,0.0893720753037411,357.49799,,0,5,K786-8781,-10.9849704261942,1237,-2.18672015202574,1,-14.1743254173034,3,1,1.756,1.10543652286247,0,-2.57978425996382,54.116,W2NIXTFbY0hdW2NIXVtjSF1bY0hdYzFbQ0gyXVtDSDJdTjJDKD1PKVtDSDJdW0NAQEhdKFtDSDJdMilDKD1PKVtOSF1bQ0gyXVtDSDJdW0NIMl1OM1tDSDJdW0NIMl1bQ0gyXVtDSDJdW0NIMl0z,0.0005,1237,-10.9852704261942,K786-8781,1,-2.457,11,OPLS_2005,dc03-LIGPREP-001-in.maegz,,0,Non-Mutagen,29.7448308615738,0.0005,0.709635223861125,false,All properties and OPS components are within expected ranges.,3,-0.422498862545933,CL2726A,9,0.012465211307687,40011,K786-8781-2,-41.9811019897461,-8.12982552229227,0.0003,1
2,-1.12890604964029,-0.84,1,-67.8131370544434,761_sdstereoexpander_1_neutralizer_1_epik_1_stereoizer_1,-0.922364822519036,0.0,0.446196191555818,7.93722677230835,,3_R_4_2_6_61,"All properties and OPS components are within expected ranges.
Unknown FCFP_2 feature: 1315386651: [*]C(=[*])C(C)n(:[*]):[*]",All properties and OPS components are within expected ranges.,0.228614876862338,-1.46,2,1,,0.85000002,Non-Carcinogen,9,0.357328769473445,0,10.5532781694886,2.0699999,761-1,false,glide-grid_1,1,1,true,J2VwaWtfcHl0aG9uJywgJy1waCcsICc3LjAwMDAwMCcsICctcGh0JywgJzIuMDAwMDAwJywgJy1tcycsICcxNicsICctdG4nLCAnOCcsICctbWEnLCAnMjAwJywgJy1pbWFlJywgJzxpbmZpbGUubWFlPicsICctb21hZScsICc8b3V0ZmlsZS5tYWU+Jw==,-16.2721061386705,3,K786-0397,DC,"OPS PC4 out of range. Value: -5.787. Training min, max, SD, explained variance: -5.5047, 6.0489, 1.696, 0.0586.
Unknown SCFP_2 feature: -2075971821: [*]CC1n(:[*]):[*][*]C1=[*]
.
.
.
.
.",70.470001,-11.0726680838048,-95.6881370522744,0.000309416743156479,12.9932273445284,-20.1209831237793,10,0.1732,15.4423868733635,"All properties and OPS components are within expected ranges.
Unknown SCFP_2 feature: -2075971821: [*]CC1n(:[*]):[*][*]C1=[*]
.",0.229743570971293,0.127652057807657,409.534,,0,7,K786-0397,-10.8994680838048,761,-2.52580227413987,1,-13.9855335638999,4,2,1.401,1.75535584332732,0,-2.4764779078571,70.726,W2NIXTFbY0hdW2NIXVtjSF1jKGMxMilbQ0gyXVtDSDJdTjJDKD1PKVtDQEhdKG4zW2NIXW5bY0hdW2NIXTMpW0NIMl1DKD1PKVtOSF1bQ0gyXVtDSDJdW0NIMl1ONFtDSDJdW0NIMl1bQ0gyXVtDSDJdW0NIMl00,0.1841,761,-11.0726680838048,K786-0397,1,-2.403,15,OPLS_2005,dc03-LIGPREP-001-in.maegz,1.0,0,Non-Mutagen,57.4094245233194,0.1841,0.0232480488760998,false,All properties and OPS components are within expected ranges.,3,-0.363315602793494,,10,5.24881573153741e-08,40011,K786-0397-1,-47.6921539306641,-10.6986451780417,0.1732,1
2,-1.18235050181699,-1.552,1,-56.8771905899048,1095_sdstereoexpander_1_neutralizer_1_epik_1_stereoizer_1,-1.1767603642202,0.0001,0.574105022242315,9.03266048431396,,,All properties and OPS components are within expected ranges.,All properties and OPS components are within expected ranges.,0.439660125009685,-3.1700001,2,0,,0.23,Non-Carcinogen,59,0.00342478595954809,0,13.6090077367975,-2.6900001,1095-1,false,glide-grid_1,1,3,false,J2VwaWtfcHl0aG9uJywgJy1waCcsICc3LjAwMDAwMCcsICctcGh0JywgJzIuMDAwMDAwJywgJy1tcycsICcxNicsICctdG4nLCAnOCcsICctbWEnLCAnMjAwJywgJy1pbWFlJywgJzxpbmZpbGUubWFlPicsICctb21hZScsICc8b3V0ZmlsZS5tYWU+Jw==,-13.0355241147802,3,Y043-2503,DC,"All properties and OPS components are within expected ranges.
.
.
.
.
.
.",105.74,-10.6425545280434,-82.4160956103117,0.000365434479892131,12.9227800913116,-12.9043016433716,9,0.0014,13.8936673065353,"All properties and OPS components are within expected ranges.
.
.",0.295603011452426,0.245493733670068,372.42499,,0,8,Y043-2503,-10.6411545280434,1095,-9.24937480217382,1,-5.37349656564968,8,26,0.97,-9.28153965006949,0,-2.47708534098527,107.288,Tz1DKFtPSF0pW0NIMl1bQ0gyXVtOSF1DKD1PKU4xW0NIMl1bQ0gyXU4oW0NIMl1bQ0gyXTEpQyg9TylbQ0gyXVtDSDJdYzJbY0hdW25IXWMoYzIzKVtjSF1bY0hdW2NIXVtjSF0z,0.0021,1095,-10.6425545280434,Y043-2503,-1,-1.972,4,OPLS_2005,dc03-LIGPREP-001-in.maegz,,0,Non-Mutagen,44.6413641235483,0.002,8.20677433664321e-08,false,"OPS PC17 out of range. Value: -3.1384. Training min, max, SD, explained variance: -2.9517, 2.8461, 1.109, 0.0161.",4,-0.394116834371979,,6,0.000167965978941664,40011,Y043-2503-1,-43.9728889465332,-7.52709827262396,0.0014,1
2,-1.00941293724784,-0.688,0,-66.0942344665527,70_sdstereoexpander_1_neutralizer_1_epik_1_stereoizer_1,-1.87302831149751,0.0,0.434136052529348,9.50345039367676,,33_S_20_12_28_66,All properties and OPS components are within expected ranges.,All properties and OPS components are within expected ranges.,0.201027299438692,-4.1399999,2,1,,2.72,Non-Carcinogen,17,0.0,0,17.5816651705998,2.72,70-1,false,glide-grid_1,1,2,true,J2VwaWtfcHl0aG9uJywgJy1waCcsICc3LjAwMDAwMCcsICctcGh0JywgJzIuMDAwMDAwJywgJy1tcycsICcxNicsICctdG4nLCAnOCcsICctbWEnLCAnMjAwJywgJy1pbWFlJywgJzxpbmZpbGUubWFlPicsICctb21hZScsICc8b3V0ZmlsZS5tYWU+Jw==,-16.8219270251811,3,V019-0505,DC,"All properties and OPS components are within expected ranges.
.
.
.
.
.
.",87.739998,-10.5938742083958,-103.093307149317,5.53541379106498e-11,18.9585235123315,-12.7854118347168,13,-0.0,15.7674472965534,"All properties and OPS components are within expected ranges.
.
.",0.223533882366175,0.112247937671691,486.01199,,0,7,V019-0505,-10.5938742083958,70,-6.29254011772624,1,-7.85856346610397,7,10,2.87,0.997006368481585,0,-2.34048396074111,89.805,W2NIXTFbY0hdW2NIXVtjSF1bY0hdYzFbQ0gyXVtDSDJdQyg9TylOMltDSDJdW0NIMl1bQ0hdKFtDSDJdW0NIMl0yKVtDQEBIXShDKD1PKVtOSF1bQ0gyXVtDSDJdT1tDSDNdKVtOSF1DKD1PKWMzYyhDbClbY0hdW2NIXVtjSF1bY0hdMw==,0.0,70,-10.5938742083958,V019-0505,0,-3.377,5,OPLS_2005,dc03-LIGPREP-001-in.maegz,1.0,0,Non-Mutagen,33.4342990406456,0.0,1.10609453706989e-18,false,All properties and OPS components are within expected ranges.,3,-0.311584535541054,CV0035,10,7.21432990139337e-09,40011,V019-0505-1,-53.3088226318359,-10.9605734522236,-0.0,1
2,-0.98496461692599,-1.086,0,-56.6615886688232,217_sdstereoexpander_2_neutralizer_1_epik_1_stereoizer_1,0.0,0.0003,0.285799406204872,6.67853021621704,,6_S_4_3_8_60,"OPS PC11 out of range. Value: 5.9514. Training min, max, SD, explained variance: -4.0074, 4.0205, 1.463, 0.0267.",All properties and OPS components are within expected ranges.,0.423759894796954,-3.75,2,1,"This compound contains an acetal/aminal-like group ( X-CH(R)-Y where X, Y are N, S, or O) that may be acid/base labile, releasing an aldehyde.",2.26,Non-Carcinogen,43,0.0,0,12.8806782619935,2.1300001,217-2,true,glide-grid_1,1,1,true,J2VwaWtfcHl0aG9uJywgJy1waCcsICc3LjAwMDAwMCcsICctcGh0JywgJzIuMDAwMDAwJywgJy1tcycsICcxNicsICctdG4nLCAnOCcsICctbWEnLCAnMjAwJywgJy1pbWFlJywgJzxpbmZpbGUubWFlPicsICctb21hZScsICc8b3V0ZmlsZS5tYWU+Jw==,-13.2448708520444,3,Y043-7574,DC,"All properties and OPS components are within expected ranges.
.
.
.
.
.
.",100.65,-10.3372870174267,-89.9853591918945,0.00805071154137264,11.520188691506,-6.89980888366699,7,-0.0,14.1571879773136,"All properties and OPS components are within expected ranges.
.
.",0.14715629000336,0.236615496461153,466.49399,,0,10,Y043-7574,-10.3372870174267,217,-13.1580569994638,1,-1.19333270979272,10,21,2.184,3.85205957481392,0,-2.28379665322911,101.56,TzFbQ0gyXU9jKGMxMilbY0hdW2NIXWMoW2NIXTIpW0NIMl1OM0MoPU8pW05IXVtDQEBIXShDMz1PKVtDSDJdQyg9TylONFtDSDJdW0NIMl1OKFtDSDJdW0NIMl00KWM1W2NIXWMoT1tDSDNdKVtjSF1bY0hdW2NIXTU=,0.0003,217,-10.3372870174267,Y043-7574,0,-3.577,1,OPLS_2005,dc03-LIGPREP-001-in.maegz,1.0,0,Non-Mutagen,71.9087456275534,0.0,3.22427030111148e-06,false,"OPS PC9 out of range. Value: 4.1731. Training min, max, SD, explained variance: -4.6974, 3.8454, 1.569, 0.0322.",3,-0.304037853453728,,6,5.04902691080997e-05,40011,Y043-7574-2,-49.7617797851563,-14.7448301797643,-0.0,1
2,-0.961747378281904,-0.586,0,-62.3918962478638,126_sdstereoexpander_2_neutralizer_1_epik_1_stereoizer_1,-1.33,0.0,0.51891139773721,6.28548002243042,,33_R_19_12_28_70,All properties and OPS components are within expected ranges.,All properties and OPS components are within expected ranges.,0.111650920029862,-4.27,2,1,,3.1300001,Non-Carcinogen,26,0.0,0,12.2227421085497,3.1300001,126-2,false,glide-grid_1,1,1,true,J2VwaWtfcHl0aG9uJywgJy1waCcsICc3LjAwMDAwMCcsICctcGh0JywgJzIuMDAwMDAwJywgJy1tcycsICcxNicsICctdG4nLCAnOCcsICctbWEnLCAnMjAwJywgJy1pbWFlJywgJzxpbmZpbGUubWFlPicsICctb21hZScsICc8b3V0ZmlsZS5tYWU+Jw==,-19.1184476375998,3,V018-6660,DC,"All properties and OPS components are within expected ranges.
.
.
.
.
.
.",78.949997,-10.2905765544748,-107.033519735807,7.5815468163816e-07,15.3789907298374,-15.2282228469849,10,-0.0,14.6265801138011,"All properties and OPS components are within expected ranges.
.
.",0.267184166494478,0.0623427044361259,477.60498,,0,7,V018-6660,-10.2905765544748,126,-7.43279130980132,1,-6.82558960210812,7,4,2.716,-1.41737225273528,0,-2.25900994074867,80.347,W2NIXTFbY0hdW2NIXVtjSF1bY0hdYzFbQ0gyXVtDSDJdQyg9TylOMltDSDJdW0NIMl1bQ0hdKFtDSDJdW0NIMl0yKVtDQEBIXShDKD1PKU4zW0NIMl1bQ0gyXU9bQ0gyXVtDSDJdMylbTkhdQyg9TyljNFtjSF1bY0hdW2NIXWMoW2NIXTQpW0NIM10=,0.0,126,-10.2905765544748,V018-6660,0,-3.416,1,OPLS_2005,dc03-LIGPREP-001-in.maegz,1.0,0,Non-Mutagen,57.7974291802125,0.0,6.3689029236649e-05,false,All properties and OPS components are within expected ranges.,3,-0.294016472984994,CV0035,7,4.9613948059866e-06,40011,V018-6660-2,-47.1636734008789,-8.89756181505977,-0.0,1
2,-1.02061832773067,-0.603,1,-66.0262813568115,463_sdstereoexpander_1_neutralizer_1_epik_1_stereoizer_1,-2.25123748512813,0.0008,0.569123873134602,3.41528344154358,,,All properties and OPS components are within expected ranges.,All properties and OPS components are within expected ranges.,0.312185781391289,-1.02,2,0,,2.26,Non-Carcinogen,86,0.295917087705053,0,11.4965883171878,2.1199999,463-1,false,glide-grid_1,1,2,true,J2VwaWtfcHl0aG9uJywgJy1waCcsICc3LjAwMDAwMCcsICctcGh0JywgJzIuMDAwMDAwJywgJy1tcycsICcxNicsICctdG4nLCAnOCcsICctbWEnLCAnMjAwJywgJy1pbWFlJywgJzxpbmZpbGUubWFlPicsICctb21hZScsICc8b3V0ZmlsZS5tYWU+Jw==,-14.8395832978936,3,L075-0171,DC,"OPS PC5 out of range. Value: -3.7065. Training min, max, SD, explained variance: -3.6694, 5.9692, 1.498, 0.0457.
.
.
.
.
.
.",71.68,-10.5386881320153,-105.446852966454,1.02334071132311e-08,17.0015745238489,-13.8639469146729,10,0.2515,13.8366928914129,"All properties and OPS components are within expected ranges.
.
.",0.293038249571433,0.174315678663756,439.604,,0,7,L075-0171,-10.2871881320153,463,-10.5015545202611,1,-6.01625655683558,4,82,2.261,3.69966076492134,0,-2.30358184091582,72.524,W2NIXTFbY0hdW2NIXVtjSF1jKGMxMilbY0hdYyhbbkhdMilDKD1PKU4zW0NIMl1bQ0gyXVtDSF0oW0NIMl1bQ0gyXTMpW0NIMl1DKD1PKVtOSF1bQ0gyXVtDSDJdW0NIMl1ONFtDSDJdW0NIMl1OKFtDSDJdW0NIMl00KVtDSDJdW0NIM10=,0.0453,463,-10.5386881320153,L075-0171,1,-3.192,24,OPLS_2005,dc03-LIGPREP-001-in.maegz,,0,Non-Mutagen,50.2502388822991,0.0444,0.00113577571412646,false,All properties and OPS components are within expected ranges.,3,-0.321474629125477,CL8630,10,0.000215696462010081,40011,L075-0171-1,-52.1623344421387,-7.64196752566247,0.2515,1
2,-1.01741885847104,-0.256,1,-72.9153232574463,324_sdstereoexpander_1_neutralizer_1_epik_2_stereoizer_1,-1.49478916543057,0.0,0.504944135331676,6.33116149902344,,,All properties and OPS components are within expected ranges.,All properties and OPS components are within expected ranges.,0.259689318316642,-3.24,2,0,,2.51,Non-Carcinogen,62,2.31723935867009,0,16.6326494714215,1.4400001,324-2,false,glide-grid_1,1,1,true,J2VwaWtfcHl0aG9uJywgJy1waCcsICc3LjAwMDAwMCcsICctcGh0JywgJzIuMDAwMDAwJywgJy1tcycsICcxNicsICctdG4nLCAnOCcsICctbWEnLCAnMjAwJywgJy1pbWFlJywgJzxpbmZpbGUubWFlPicsICctb21hZScsICc8b3V0ZmlsZS5tYWU+Jw==,-15.7050282070992,2,Y041-8560,DC,"All properties and OPS components are within expected ranges.
.
.
.
.
.
.",70.470001,-11.4433395026284,-114.046310003372,2.754869903599e-08,16.6305089496635,-16.745138168335,10,1.1884,16.421036750869,"All properties and OPS components are within expected ranges.
.
.",0.259992512234608,0.145003143840672,453.974,,0,7,Y041-8560,-10.2549395026284,324,-3.77721252381046,1,-5.94476807213411,7,65,3.289,-0.883430308685924,0,-2.29636049373166,70.726,Q2xjMVtjSF1bY0hdW2NIXWMoYzEyKW4oW2NIXVtjSF0yKVtDSDJdW0NIMl1bTkhdQyg9TylbQ0gyXVtDSDJdW0NIMl1DKD1PKU4zW0NIMl1bQ0gyXU4oW0NIMl1bQ0gyXTMpYzRuW2NIXVtjSF1bY0hdW2NIXTQ=,1.1289,324,-11.4433395026284,Y041-8560,1,-3.978,11,OPLS_2005,dc03-LIGPREP-001-in.maegz,0.999993852037798,0,Non-Mutagen,45.7877192573316,1.1289,7.96993087722244e-16,false,All properties and OPS components are within expected ranges.,3,-0.320466859457137,,8,1.01179402327731e-10,40011,Y041-8560-2,-56.1701850891113,-9.28440471677794,1.1884,1
2,-0.930058862168093,-0.697,0,-62.5638542175293,43_sdstereoexpander_1_neutralizer_1_epik_1_stereoizer_1,-1.98532980655345,0.0,0.285903973514989,8.32390213012695,,36_R_22_14_31_71,All properties and OPS components are within expected ranges.,All properties and OPS components are within expected ranges.,0.158653015239865,-4.9499998,2,1,"This compound contains an acetal/aminal-like group ( X-CH(R)-Y where X, Y are N, S, or O) that may be acid/base labile, releasing an aldehyde.",2.8599999,Non-Carcinogen,10,0.0,0,11.1142284471768,2.8599999,43-1,false,glide-grid_1,1,2,true,J2VwaWtfcHl0aG9uJywgJy1waCcsICc3LjAwMDAwMCcsICctcGh0JywgJzIuMDAwMDAwJywgJy1tcycsICcxNicsICctdG4nLCAnOCcsICctbWEnLCAnMjAwJywgJy1pbWFlJywgJzxpbmZpbGUubWFlPicsICctb21hZScsICc8b3V0ZmlsZS5tYWU+Jw==,-17.7845096909905,3,V020-6324,DC,"All properties and OPS components are within expected ranges.
.
.
.
.
.
.",96.970001,-10.1401746780625,-103.391798211089,6.66497683750021e-07,15.4280781307066,-11.4514541625977,12,-0.0,13.6381753764917,"All properties and OPS components are within expected ranges.
.
.",0.147210131043888,0.0885873402060072,493.604,,0,8,V020-6324,-10.1401746780625,43,-10.2957492830055,1,-4.94486330712631,8,4,3.296,-0.457847353441538,0,-2.21231215889294,98.735,W2NIXTFbY0hdW2NIXVtjSF1bY0hdYzFbQ0gyXVtDSDJdQyg9TylOMltDSDJdW0NIMl1bQ0hdKFtDSDJdW0NIMl0yKVtDQEhdKEMoPU8pW05IXVtDSDJdW0NIXShbQ0gzXSlbQ0gzXSlbTkhdQyg9TyljKFtjSF1bY0hdMylbY0hdYyhjMzQpT1tDSDJdTzQ=,0.0,43,-10.1401746780625,V020-6324,0,-3.935,33,OPLS_2005,dc03-LIGPREP-001-in.maegz,1.0,0,Non-Mutagen,50.0280350552454,0.0,0.00428262942725373,false,All properties and OPS components are within expected ranges.,3,-0.28167151883507,CV0035,9,0.00050157797463173,40011,V020-6324-1,-51.1124000549316,-14.7416590630681,-0.0,1
2,-0.978630087008618,-0.689,0,-64.432523727417,169_sdstereoexpander_2_neutralizer_1_epik_1_stereoizer_1,-1.33,0.0,0.529385042429047,7.30859470367432,,31_S_18_10_26_63,All properties and OPS components are within expected ranges.,All properties and OPS components are within expected ranges.,0.277254729608413,-3.72,2,1,,2.3699999,Non-Carcinogen,35,0.0,0,17.7851476156943,2.3699999,169-2,false,glide-grid_1,1,2,true,J2VwaWtfcHl0aG9uJywgJy1waCcsICc3LjAwMDAwMCcsICctcGh0JywgJzIuMDAwMDAwJywgJy1tcycsICcxNicsICctdG4nLCAnOCcsICctbWEnLCAnMjAwJywgJy1pbWFlJywgJzxpbmZpbGUubWFlPicsICctb21hZScsICc8b3V0ZmlsZS5tYWU+Jw==,-15.40412124383,3,V022-7546,DC,"OPS PC11 out of range. Value: 4.1846. Training min, max, SD, explained variance: -3.2225, 3.9736, 1.108, 0.0250.
.
.
.
.
.
.",87.739998,-10.0684169166682,-107.04247501442,2.03235262805826e-10,18.469312127311,-12.1462116241455,11,-0.0,16.1336397561257,"All properties and OPS components are within expected ranges.
.
.",0.272576979293254,0.154811170896508,471.98499,,0,7,V022-7546,-10.0684169166682,169,-6.70987564630536,1,-4.18439309318078,7,4,2.865,2.04757363941015,0,-2.23916379079423,89.805,W2NIXTFbY0hdYyhbQ0gzXSlbY0hdW2NIXWMxQyg9TylOMltDSDJdW0NIMl1bQ0hdKFtDSDJdW0NIMl0yKVtDQEhdKEMoPU8pW05IXVtDSDJdW0NIMl1PW0NIM10pW05IXUMoPU8pYzNjKENsKVtjSF1bY0hdW2NIXVtjSF0z,0.0,169,-10.0684169166682,V022-7546,0,-3.739,2,OPLS_2005,dc03-LIGPREP-001-in.maegz,1.0,0,Non-Mutagen,43.0113623023215,0.0,2.60223288285757e-19,false,All properties and OPS components are within expected ranges.,3,-0.30510354292934,CV0035,8,6.90522290475049e-10,40011,V022-7546-2,-52.2863121032715,-8.61932434576778,-0.0,1
2,-1.1759620799777,-1.365,0,-58.5221471786499,1235_sdstereoexpander_1_neutralizer_1_epik_1_stereoizer_1,-0.9975,0.0,0.461403216332793,4.64425182342529,,,All properties and OPS components are within expected ranges.,All properties and OPS components are within expected ranges.,0.16783734876362,-2.51,2,0,,2.05,Non-Carcinogen,85,0.0,0,11.9015938217234,2.04,1235-1,true,glide-grid_1,1,3,false,J2VwaWtfcHl0aG9uJywgJy1waCcsICc3LjAwMDAwMCcsICctcGh0JywgJzIuMDAwMDAwJywgJy1tcycsICcxNicsICctdG4nLCAnOCcsICctbWEnLCAnMjAwJywgJy1pbWFlJywgJzxpbmZpbGUubWFlPicsICctb21hZScsICc8b3V0ZmlsZS5tYWU+Jw==,-17.5609159164989,3,Y041-5578,DC,"All properties and OPS components are within expected ranges.
.
.
.
.
.
.",99.769997,-10.0543343656167,-91.6014736290432,1.99303898888464e-06,15.0090857317279,-8.90359401702881,8,-0.0,13.8220977686788,"All properties and OPS components are within expected ranges.
.
.",0.237573570962842,0.0937156113403708,357.80099,,0,7,Y041-5578,-10.0543343656167,1235,-5.30034086875221,1,-3.602181703889,7,70,1.087,-4.19403106550464,0,-2.38317854873834,97.799,W2NIXTFjKENsKVtjSF1bY0hdYyhjMTIpW25IXVtjSF1jMltDSDJdW0NIMl1bTkhdQyg9TylbQ0gyXVtOSF1DKD1PKWMzbltjSF1bY0hdbltjSF0z,0.0,1235,-10.0543343656167,Y041-5578,0,-2.876,7,OPLS_2005,dc03-LIGPREP-001-in.maegz,1.0,0,Non-Mutagen,14.3654605328107,0.0,0.000240857464060333,false,"OPS PC8 out of range. Value: 5.7655. Training min, max, SD, explained variance: -4.2516, 4.6021, 1.692, 0.0374.",3,-0.402173374624667,,6,0.000229838817682602,40011,Y041-5578-1,-49.6185531616211,-10.3753496172307,-0.0,1
2,-1.09960821989473,-0.816,0,-57.1697835922241,1146_sdstereoexpander_1_neutralizer_1_epik_1_stereoizer_1,-1.10539190661963,0.004,0.527918486732382,14.5773146442397,,,All properties and OPS components are within expected ranges.,All properties and OPS components are within expected ranges.,0.0378577597955291,-3.77,2,0,,1.8200001,Non-Carcinogen,72,0.00283487169870011,0,12.9537642116347,1.8099999,1146-1,false,glide-grid_1,1,3,false,J2VwaWtfcHl0aG9uJywgJy1waCcsICc3LjAwMDAwMCcsICctcGh0JywgJzIuMDAwMDAwJywgJy1tcycsICcxNicsICctdG4nLCAnOCcsICctbWEnLCAnMjAwJywgJy1pbWFlJywgJzxpbmZpbGUubWFlPicsICctb21hZScsICc8b3V0ZmlsZS5tYWU+Jw==,-22.7193610322472,3,Y041-7163,DC,"All properties and OPS components are within expected ranges.
.
.
.
.
.
.",91.93,-9.89927398992492,-85.1012954711914,5.48271068299586e-07,15.5023776967647,-11.9013700485229,9,0.0028,15.8757203115061,"All properties and OPS components are within expected ranges.
.
.",0.271821859126035,0.0211386984443593,367.453,,0,7,Y041-7163,-9.89647398992492,1146,-8.28049883549823,1,-4.73359650367204,7,26,2.436,-4.62554393823543,0,-2.30373598872945,89.428,bjFjKFtDSDNdKVtjSF1jKFtDSDNdKW5jMVtOSF1bQ0gyXVtDSDJdQyg9TylbTkhdW0NIMl1bQ0gyXWMyW2NIXVtuSF1jKGMyMylbY0hdW2NIXWMoW2NIXTMpT1tDSDNd,0.004,1146,-9.89927398992492,Y041-7163,0,-3.708,38,OPLS_2005,dc03-LIGPREP-001-in.maegz,0.999999987636,0,Non-Mutagen,4.48407417027339,0.0,2.26844661095434e-06,false,All properties and OPS components are within expected ranges.,3,-0.366536073700923,,7,3.64851567857864e-09,40011,Y041-7163-1,-45.2684135437012,-8.65771015440512,0.0028,1
2,-1.09468171311219,-0.327,1,-60.2516021728516,1099_sdstereoexpander_2_neutralizer_1_epik_1_stereoizer_1,-1.89,0.0,0.543042698607915,7.88333606719971,,2_R_4_5_8_60,All properties and OPS components are within expected ranges.,All properties and OPS components are within expected ranges.,0.132556363730866,-3.0899999,2,1,,2.21,Non-Carcinogen,62,0.000768693561231453,0,8.47044912582081,2.96,1099-2,false,glide-grid_1,1,1,true,J2VwaWtfcHl0aG9uJywgJy1waCcsICc3LjAwMDAwMCcsICctcGh0JywgJzIuMDAwMDAwJywgJy1tcycsICcxNicsICctdG4nLCAnOCcsICctbWEnLCAnMjAwJywgJy1pbWFlJywgJzxpbmZpbGUubWFlPicsICctb21hZScsICc8b3V0ZmlsZS5tYWU+Jw==,-18.4792857404029,2,K786-8594,DC,"OPS PC4 out of range. Value: -5.5772. Training min, max, SD, explained variance: -5.5047, 6.0489, 1.696, 0.0586.
OPS PC5 out of range. Value: -4.1469. Training min, max, SD, explained variance: -3.6694, 5.9692, 1.498, 0.0457.
.
.
.
.
.",52.650002,-9.85243542883335,-90.89123466162,0.362281858588417,9.07864131582517,-18.1870994567871,9,0.0003,12.7462542782385,"All properties and OPS components are within expected ranges.
.
.",0.279609219283224,0.0740157107795507,371.52499,,0,5,K786-8594,-9.85213542883335,1099,-2.15190301706673,1,-13.362404128284,3,51,2.212,3.02949229767315,0,-2.29341470268564,54.116,W2NIXTFbY0hdW2NIXVtjSF1bY0hdYzFbQ0gyXVtDSDJdTjJDKD1PKVtDSDJdW0NAQEhdKFtDSDJdMilDKD1PKVtOSF1bQ0gyXVtDSDJdW0NIMl1OM1tDSDJdW0NIMl1bQ0gyXVtDSDJdW0NIMl1bQ0gyXTM=,0.0005,1099,-9.85243542883335,K786-8594,1,-2.83,45,OPLS_2005,dc03-LIGPREP-001-in.maegz,,0,Non-Mutagen,37.193828716074,0.0005,0.71810345839461,false,All properties and OPS components are within expected ranges.,3,-0.364893904771606,CL2726A,9,0.0128615746935021,40011,K786-8594-2,-42.0645027160645,-8.27027735776136,0.0003,1
2,-0.976420497024181,-0.304,0,-53.2872953414917,441_sdstereoexpander_1_neutralizer_1_epik_1_stereoizer_1,-1.33,0.0,0.457744469372641,4.40746831893921,,37_S_23_14_32_71,All properties and OPS components are within expected ranges.,All properties and OPS components are within expected ranges.,0.071099329513809,-4.0,2,1,,2.76,Non-Carcinogen,83,0.0,0,8.2638845871721,2.76,441-1,false,glide-grid_1,1,1,false,J2VwaWtfcHl0aG9uJywgJy1waCcsICc3LjAwMDAwMCcsICctcGh0JywgJzIuMDAwMDAwJywgJy1tcycsICcxNicsICctdG4nLCAnOCcsICctbWEnLCAnMjAwJywgJy1pbWFlJywgJzxpbmZpbGUubWFlPicsICctb21hZScsICc8b3V0ZmlsZS5tYWU+Jw==,-20.7065566415706,2,V018-7770,DC,"All properties and OPS components are within expected ranges.
.
.
.
.
.
.",69.720001,-9.84170191336622,-88.3589730789454,0.00181509931990421,12.2219312881329,-9.67360973358154,11,-0.0,12.1713578610344,"All properties and OPS components are within expected ranges.
.
.",0.235689705506764,0.039699847384156,441.616,,0,6,V018-7770,-9.84170191336622,441,-5.00255874377322,1,-9.03026028160436,6,8,3.17,-4.18682725293116,0,-2.20382533306462,71.417,W2NIXTFbY0hdW2NIXVtjSF1bY0hdYzFbQ0gyXVtDSDJdQyg9TylOMltDSDJdW0NIMl1bQ0hdKFtDSDJdW0NIMl0yKVtDQEhdKFtOSF1DKD1PKVtDSDJdW0NIXShbQ0gzXSlbQ0gzXSlDKD1PKU4zW0NIMl1bQ0gyXVtDSDJdW0NIMl1bQ0gyXTM=,0.0,441,-9.84170191336622,V018-7770,0,-3.591,5,OPLS_2005,dc03-LIGPREP-001-in.maegz,1.0,0,Non-Mutagen,48.6286850530838,0.0,0.802643904053571,false,"OPS PC8 out of range. Value: 4.6495. Training min, max, SD, explained variance: -4.2516, 4.6021, 1.692, 0.0374.",3,-0.307553184792694,CV0035,8,0.0635194896556933,40011,V018-7770-1,-43.6136856079102,-10.452449858651,-0.0,1
2,-0.972232608573074,-0.726,1,-66.9826831817627,491_sdstereoexpander_2_neutralizer_1_epik_1_stereoizer_1,-0.763034953292376,0.0,0.413465372791974,7.49586200714111,,2_R_4_5_10_59,All properties and OPS components are within expected ranges.,All properties and OPS components are within expected ranges.,0.358798480138602,-4.0300002,2,1,"This compound contains an acetal/aminal-like group ( X-CH(R)-Y where X, Y are N, S, or O) that may be acid/base labile, releasing an aldehyde.",3.0899999,Non-Carcinogen,89,0.148764095369671,0,10.5126153014134,3.0899999,491-3,false,glide-grid_1,1,0,true,J2VwaWtfcHl0aG9uJywgJy1waCcsICc3LjAwMDAwMCcsICctcGh0JywgJzIuMDAwMDAwJywgJy1tcycsICcxNicsICctdG4nLCAnOCcsICctbWEnLCAnMjAwJywgJy1pbWFlJywgJzxpbmZpbGUubWFlPicsICctb21hZScsICc8b3V0ZmlsZS5tYWU+Jw==,-14.1416076455457,3,Y031-4655,DC,"OPS PC20 out of range. Value: 3.5803. Training min, max, SD, explained variance: -2.4327, 3.0557, 0.8804, 0.0158.
.
.
.
.
.
.",71.550003,-9.86929064280416,-95.6388550907764,0.00346846495504567,11.9243096151209,-17.0773944854736,6,0.0698,12.9667073809651,"All properties and OPS components are within expected ranges.
.
.",0.21289068130991,0.200342886502229,437.496,,0,8,Y031-4655,-9.79949064280416,491,-9.71356460864252,1,-5.29644843981573,8,23,1.808,3.40229026251107,0,-2.19437307894999,71.449,W2NIXTFbY0hdW2NIXWMoT1tDSDNdKVtjSF1jMU4yQyg9TylbQ0gyXVtDQEBIXShbQ0gyXTIpQyg9TylOM1tDSDJdW0NIMl1OKFtDSDJdW0NIMl0zKVtDSDJdYyhbY0hdNClbY0hdW2NIXWMoYzQ1KU9bQ0gyXU81,0.0789,491,-9.86929064280416,Y031-4655,1,-3.14,7,OPLS_2005,dc03-LIGPREP-001-in.maegz,1.0,0,Non-Mutagen,81.5584794710918,0.0789,0.0259602915010683,false,All properties and OPS components are within expected ranges.,3,-0.30623408258763,,5,0.0062818043115648,40011,Y031-4655-3,-49.9052886962891,-11.4218675706801,0.0698,1
2,-0.965935898932096,-0.114,0,-63.3565912246704,315_sdstereoexpander_2_neutralizer_1_epik_1_stereoizer_1,-1.33,0.1165,0.390613927400615,5.43633270263672,,2_R_5_6_9_63,All properties and OPS components are within expected ranges.,All properties and OPS components are within expected ranges.,0.28285512440885,-4.0100002,2,1,,3.0699999,Non-Carcinogen,59,0.106017687263455,0,11.5938725465032,5.0500002,315-3,false,glide-grid_1,1,1,true,J2VwaWtfcHl0aG9uJywgJy1waCcsICc3LjAwMDAwMCcsICctcGh0JywgJzIuMDAwMDAwJywgJy1tcycsICcxNicsICctdG4nLCAnOCcsICctbWEnLCAnMjAwJywgJy1pbWFlJywgJzxpbmZpbGUubWFlPicsICctb21hZScsICc8b3V0ZmlsZS5tYWU+Jw==,-15.3107556841616,2,K786-8779,DC,"OPS PC4 out of range. Value: -5.5266. Training min, max, SD, explained variance: -5.5047, 6.0489, 1.696, 0.0586.
OPS PC20 out of range. Value: 4.1711. Training min, max, SD, explained variance: -2.4327, 3.0557, 0.8804, 0.0158.
.
.
.
.
.",55.889999,-9.84202378655689,-99.9988104200554,0.13448134015591,9.90222908416332,-12.4601755142212,9,0.106,14.1066926480787,"All properties and OPS components are within expected ranges.
.
.",0.201124617938189,0.157938272380991,455.00198,,0,6,K786-8779,-9.73602378655689,315,-7.7149311654524,1,-8.08438184497753,4,6,3.07,7.28784069221561,0,-2.18016111979507,57.469,W2NIXTFbY0hdW2NIXVtjSF1bY0hdYzFbQ0gyXVtDSDJdTjJDKD1PKVtDSDJdW0NAQEhdKFtDSDJdMilDKD1PKVtOSF1bQ0gyXVtDSDJdTihbQ0gyXVtDSDJdMylbQ0gyXVtDSDJdTjNjNFtjSF1jKENsKVtjSF1bY0hdW2NIXTQ=,0.1165,315,-9.84202378655689,K786-8779,0,-3.667,36,OPLS_2005,dc03-LIGPREP-001-in.maegz,,0,Non-Mutagen,47.0977492241253,0.0,0.000793020513840804,false,"OPS PC1 out of range. Value: -3.934. Training min, max, SD, explained variance: -3.6602, 8.8637, 3.351, 0.1468.",3,-0.304250743329903,CL2726A,9,6.39308344552135e-05,40011,K786-8779-3,-50.8964157104492,-11.9518630418243,0.106,1
2,-0.98008430034521,-0.723,1,-65.1291561126709,611_sdstereoexpander_2_neutralizer_1_epik_1_stereoizer_1,-0.9,0.0,0.47202623442416,13.9536085128784,13_R_27_30_33_65,3_R_4_2_6_63,"All properties and OPS components are within expected ranges.
Unknown FCFP_2 feature: 1315386651: [*]C(=[*])C(C)n(:[*]):[*]",All properties and OPS components are within expected ranges.,0.243901342677938,-2.0599999,2,1,,1.22,Non-Carcinogen,111,0.357328769473445,0,10.2413023002202,2.49,611-5,false,glide-grid_1,1,1,true,J2VwaWtfcHl0aG9uJywgJy1waCcsICc3LjAwMDAwMCcsICctcGh0JywgJzIuMDAwMDAwJywgJy1tcycsICcxNicsICctdG4nLCAnOCcsICctbWEnLCAnMjAwJywgJy1pbWFlJywgJzxpbmZpbGUubWFlPicsICctb21hZScsICc8b3V0ZmlsZS5tYWU+Jw==,-15.9870720418849,3,K786-0776,DC,"OPS PC4 out of range. Value: -5.6569. Training min, max, SD, explained variance: -5.5047, 6.0489, 1.696, 0.0586.
OPS PC5 out of range. Value: -3.9295. Training min, max, SD, explained variance: -3.6694, 5.9692, 1.498, 0.0457.
Unknown SCFP_2 feature: -2075971821: [*]CC1n(:[*]):[*][*]C1=[*]
.
.
.
.",70.470001,-9.84493886499569,-91.6582346428169,5.48379102789845e-05,13.7068279750271,-17.9607334136963,10,0.1732,15.6275996167638,"All properties and OPS components are within expected ranges.
Unknown SCFP_2 feature: -2075971821: [*]CC1n(:[*]):[*][*]C1=[*]
.",0.243043295171589,0.13618758639945,423.561,27_R_13_50_46_64,0,7,K786-0776,-9.67173886499569,611,0.228282539306679,1,-12.3879767318802,4,79,1.779,-1.88000618267439,0,-2.18127351725606,70.726,W2NIXTFbY0hdW2NIXVtjSF1jKGMxMilbQ0gyXVtDSDJdTjJDKD1PKVtDQEBIXShuM1tjSF1uW2NIXVtjSF0zKVtDSDJdQyg9TylbTkhdW0NIMl1bQ0gyXVtDSDJdTjRbQ0BIXShbQ0gzXSlbQ0gyXVtDSDJdW0NIMl1bQ0gyXTQ=,0.1841,611,-9.84493886499569,K786-0776,1,-2.74,8,OPLS_2005,dc03-LIGPREP-001-in.maegz,1.0,0,Non-Mutagen,57.2135548437375,0.1841,0.051888183853621,false,All properties and OPS components are within expected ranges.,3,-0.311991576290184,,10,1.71398708201344e-08,40011,K786-0776-5,-47.1684226989746,-10.1538432934007,0.1732,1
2,-0.938111984793017,-0.292,0,-64.0986413955688,374_sdstereoexpander_1_neutralizer_1_epik_1_stereoizer_1,-0.998601698520634,0.0,0.479793816813085,6.0134596824646,,36_S_22_14_31_68,"OPS PC22 out of range. Value: 3.1042. Training min, max, SD, explained variance: -3.145, 3.0977, 1.007, 0.0127.",All properties and OPS components are within expected ranges.,0.162585686791436,-4.46,2,1,,3.6500001,Non-Carcinogen,69,0.0,0,11.3173841917129,3.6500001,374-1,false,glide-grid_1,1,2,true,J2VwaWtfcHl0aG9uJywgJy1waCcsICc3LjAwMDAwMCcsICctcGh0JywgJzIuMDAwMDAwJywgJy1tcycsICcxNicsICctdG4nLCAnOCcsICctbWEnLCAnMjAwJywgJy1pbWFlJywgJzxpbmZpbGUubWFlPicsICctb21hZScsICc8b3V0ZmlsZS5tYWU+Jw==,-17.6875991978616,2,V019-1150,DC,"All properties and OPS components are within expected ranges.
.
.
.
.
.
.",78.510002,-9.65155547822028,-101.609814000361,9.54214848687137e-07,15.2912452691375,-10.009316444397,12,-0.0,13.6515393376835,"All properties and OPS components are within expected ranges.
.
.",0.247042773763333,0.0907832323680997,449.595,,0,6,V019-1150,-9.65155547822028,374,-9.36182210383065,1,-5.7485505878405,6,1,3.695,-1.03758182873141,0,-2.14645596527643,80.875,W2NIXTFbY0hdW2NIXVtjSF1bY0hdYzFbQ0gyXVtDSDJdQyg9TylOMltDSDJdW0NIMl1bQ0hdKFtDSDJdW0NIMl0yKVtDQEBIXShDKD1PKVtOSF1bQ0gyXVtDSDJdW0NIM10pW05IXUMoPU8pYzNbY0hdW2NIXVtjSF1jKFtjSF0zKVtDSDNd,0.0,374,-9.65155547822028,V019-1150,0,-3.908,15,OPLS_2005,dc03-LIGPREP-001-in.maegz,1.0,0,Non-Mutagen,33.1509138922972,0.0,0.00215196699766729,false,All properties and OPS components are within expected ranges.,3,-0.292471378127887,CV0035,9,0.000474520829805856,40011,V019-1150-1,-54.0893249511719,-9.9940125407787,-0.0,1
2,-0.919570730317536,-0.725,0,-67.5664052963257,223_sdstereoexpander_1_neutralizer_1_epik_1_stereoizer_1,-1.33,0.0,0.523221452729085,5.71233701705933,,33_S_19_12_28_69,All properties and OPS components are within expected ranges.,All properties and OPS components are within expected ranges.,0.157207740126606,-3.4300001,2,1,,2.25,Non-Carcinogen,45,0.0,0,13.5260395202101,2.25,223-1,false,glide-grid_1,1,2,true,J2VwaWtfcHl0aG9uJywgJy1waCcsICc3LjAwMDAwMCcsICctcGh0JywgJzIuMDAwMDAwJywgJy1tcycsICcxNicsICctdG4nLCAnOCcsICctbWEnLCAnMjAwJywgJy1pbWFlJywgJzxpbmZpbGUubWFlPicsICctb21hZScsICc8b3V0ZmlsZS5tYWU+Jw==,-17.8205841263405,3,V023-2454,DC,"OPS PC11 out of range. Value: 4.1182. Training min, max, SD, explained variance: -3.2225, 3.9736, 1.108, 0.0250.
.
.
.
.
.
.",87.739998,-9.65097264283897,-100.812439389015,5.33504171846192e-11,18.9724193264548,-11.9216527938843,12,-0.0,15.253323229643,"All properties and OPS components are within expected ranges.
.
.",0.269403386298805,0.0877803396081554,465.59399,,0,7,V023-2454,-9.65097264283897,223,-8.14509569669491,1,-5.25928028835077,7,29,2.75,-0.446325336385577,0,-2.13217055741652,89.805,W2NIXTFbY0hdYyhbQ0gzXSlbY0hdW2NIXWMxQyg9TylOMltDSDJdW0NIMl1bQ0hdKFtDSDJdW0NIMl0yKVtDQEBIXShDKD1PKVtOSF1bQ0gyXVtDSDJdW0NIMl1PW0NIM10pW05IXUMoPU8pYzNbY0hdW2NIXVtjSF1bY0hdYzNbQ0gzXQ==,0.0,223,-9.65097264283897,V023-2454,0,-3.302,43,OPLS_2005,dc03-LIGPREP-001-in.maegz,1.0,0,Non-Mutagen,43.6812297978834,0.0,1.2695652625972e-07,false,All properties and OPS components are within expected ranges.,3,-0.283852136554087,CV0035,9,1.59306101569384e-07,40011,V023-2454-1,-55.6447525024414,-8.78189435950296,-0.0,1
2,-0.901838165043291,-0.798,0,-69.6399440765381,101_sdstereoexpander_1_neutralizer_1_epik_1_stereoizer_1,-1.67370193123258,0.0,0.436643876788419,5.8510160446167,,33_S_19_11_28_63,All properties and OPS components are within expected ranges.,All properties and OPS components are within expected ranges.,0.133553846129552,-4.7600002,2,1,"This compound contains an acetal/aminal-like group ( X-CH(R)-Y where X, Y are N, S, or O) that may be acid/base labile, releasing an aldehyde.",1.8099999,Non-Carcinogen,24,0.0,0,11.5433400177613,1.8099999,101-1,true,glide-grid_1,1,1,true,J2VwaWtfcHl0aG9uJywgJy1waCcsICc3LjAwMDAwMCcsICctcGh0JywgJzIuMDAwMDAwJywgJy1tcycsICcxNicsICctdG4nLCAnOCcsICctbWEnLCAnMjAwJywgJy1pbWFlJywgJzxpbmZpbGUubWFlPicsICctb21hZScsICc8b3V0ZmlsZS5tYWU+Jw==,-18.4508505676157,3,V020-6312,DC,"All properties and OPS components are within expected ranges.
.
.
.
.
.
.",88.18,-9.64955547235689,-118.123971708054,2.32528092526805e-07,15.827608276413,-15.4712581634521,8,-0.0,13.6980158114032,"All properties and OPS components are within expected ranges.
.
.",0.224825145069782,0.0745726766365705,481.52399,,0,8,V020-6312,-9.64955547235689,101,-8.3748314969973,1,2.44569765437493,8,2,2.486,2.4542778063954,0,-2.11829158652739,89.277,RmMxW2NIXVtjSF1bY0hdW2NIXWMxQyg9TylOMltDSDJdW0NIMl1bQ0hdKFtDSDJdW0NIMl0yKVtDQEBIXShDKD1PKU4zW0NIMl1bQ0gyXVtDSDJdW0NIMl0zKVtOSF1DKD1PKWMoW2NIXVtjSF00KVtjSF1jKGM0NSlPW0NIMl1PNQ==,0.0,101,-9.64955547235689,V020-6312,0,-3.897,32,OPLS_2005,dc03-LIGPREP-001-in.maegz,1.0,0,Non-Mutagen,78.0025567364961,0.0,0.000956718017690024,false,All properties and OPS components are within expected ranges.,3,-0.275701584924483,CV0035,5,0.000390692746815658,40011,V020-6312-1,-54.1686859130859,-10.9056870024639,-0.0,1
2,-0.976083756697188,-1.568,0,-67.5970869064331,533_sdstereoexpander_2_neutralizer_1_epik_1_stereoizer_1,-1.78795329230454,0.0,0.46547431296801,11.6179580688477,,19_R_17_12_57_61,All properties and OPS components are within expected ranges.,"OPS PC27 out of range. Value: -4.0047. Training min, max, SD, explained variance: -3.2107, 3.3919, 1.129, 0.0105.",0.409256114182453,-2.9400001,2,1,"This compound contains an acetal/aminal-like group ( X-CH(R)-Y where X, Y are N, S, or O) that may be acid/base labile, releasing an aldehyde.",0.66000003,Non-Carcinogen,96,0.0,0,13.6819048881882,0.66000003,533-2,true,glide-grid_1,1,2,false,J2VwaWtfcHl0aG9uJywgJy1waCcsICc3LjAwMDAwMCcsICctcGh0JywgJzIuMDAwMDAwJywgJy1tcycsICcxNicsICctdG4nLCAnOCcsICctbWEnLCAnMjAwJywgJy1pbWFlJywgJzxpbmZpbGUubWFlPicsICctb21hZScsICc8b3V0ZmlsZS5tYWU+Jw==,-13.4389301404716,3,V028-4990,DC,"All properties and OPS components are within expected ranges.
.
.
.
.
.
.",106.2,-9.63226041047085,-102.716606140137,1.19204438449792e-10,18.6697755441376,-15.8388013839722,11,-0.0,14.5583340396451,"All properties and OPS components are within expected ranges.
.
.",0.239669752634592,0.228516997068454,433.505,36_S_22_15_31_62,0,9,V028-4990,-9.63226041047085,533,-11.1857689636554,1,0.364065677368586,9,1,0.936,-5.38509159116069,0,-2.17236991589138,107.665,W0NIM11PW0NIMl1DKD1PKU4xW0NIMl1bQ0gyXVtDSF0oW0NIMl1bQ0gyXTEpW0NAQEhdKEMoPU8pW05IXVtDQEBIXShbQ0gzXSlbQ0gyXVtDSDNdKVtOSF1DKD1PKWMoW2NIXVtjSF0yKVtjSF1jKGMyMylPW0NIMl1PMw==,0.0,533,-9.63226041047085,V028-4990,0,-2.351,5,OPLS_2005,dc03-LIGPREP-001-in.maegz,1.0,0,Non-Mutagen,44.9957874260426,0.0,5.57310318566543e-08,false,All properties and OPS components are within expected ranges.,3,-0.310718077757124,CV0035,8,7.0493422516863e-06,40011,V028-4990-2,-51.7582855224609,-10.2900528731988,-0.0,1
2,-1.02028406537446,-0.544,0,-60.4144144058228,966_sdstereoexpander_2_neutralizer_1_epik_1_stereoizer_1,-0.973621352046883,0.0,0.541632423984013,6.06081819534302,,3_R_4_2_6_53,"All properties and OPS components are within expected ranges.
Unknown FCFP_2 feature: 1315386651: [*]C(=[*])C(C)n(:[*]):[*]",All properties and OPS components are within expected ranges.,0.46671100214234,-1.58,2,1,,1.633,Non-Carcinogen,33,0.365276078864093,0,10.3409849692711,2.4200001,966-3,false,glide-grid_1,1,1,true,J2VwaWtfcHl0aG9uJywgJy1waCcsICc3LjAwMDAwMCcsICctcGh0JywgJzIuMDAwMDAwJywgJy1tcycsICcxNicsICctdG4nLCAnOCcsICctbWEnLCAnMjAwJywgJy1pbWFlJywgJzxpbmZpbGUubWFlPicsICctb21hZScsICc8b3V0ZmlsZS5tYWU+Jw==,-12.686565127086,3,K786-0725,DC,"All properties and OPS components are within expected ranges.
Unknown SCFP_2 feature: -2075971821: [*]CC1n(:[*]):[*][*]C1=[*]
.
.
.
.
.",67.230003,-9.80799463194032,-95.5490536672609,0.199939389073063,9.60540340496067,-10.5350770950317,9,0.1774,13.4888195077162,"All properties and OPS components are within expected ranges.
Unknown SCFP_2 feature: -2075971821: [*]CC1n(:[*]):[*][*]C1=[*]
.",0.27888307788113,0.26059817559825,388.47098,,0,6,K786-0725,-9.63059463194032,966,-4.8304456002943,1,-11.2975157234764,3,2,2.188,3.94619818156271,0,-2.20516195990555,67.373,W2NIXTFbY0hdW2NIXVtjSF1jKGMxMilbQ0gyXVtDSDJdTjJDKD1PKVtDQEBIXShuM1tjSF1uW2NIXVtjSF0zKVtDSDJdQyg9TylbTkhdW0NIMl1bQ0gyXWM0W2NIXVtjSF1bY0hdW2NIXVtjSF00,0.1878,966,-9.80799463194032,K786-0725,0,-3.169,16,OPLS_2005,dc03-LIGPREP-001-in.maegz,1.0,0,Non-Mutagen,43.2326467409929,0.1878,0.040591025809103,false,"OPS PC8 out of range. Value: 5.1539. Training min, max, SD, explained variance: -4.2516, 4.6021, 1.692, 0.0374.",3,-0.332089470066908,,9,0.000919700201758292,40011,K786-0725-3,-49.879337310791,-8.30563888160874,0.1774,1
