i_m_ct_enhanced_stereo_status,r_sd_LOGP,r_sd_LOGS,r_i_glide_ligand_efficiency_sa,r_sd_ADMET\_BBB,i_epik_Tot_abs_Q,r_i_glide_energy,s_lp_label,r_glide_XP_HBond,r_epik_Ionization_Penalty_Neutral,r_sd_TOPKAT\_WOE\_Enrichment,r_i_glide_einternal,s_st_Chirality_1,s_sd_ADMET\_EXT\_Hepatotoxic\_Applicability,s_sd_ADMET\_EXT\_PPB\_Applicability,r_sd_TOPKAT\_Ames\_Enrichment,s_sd_STEREOCHEM,i_m_ct_format,b_sd_chiral_flag,s_epik_Chemistry_Notes,s_sd_TOPKAT\_WOE\_Prediction,i_i_glide_lignum,r_epik_Charging_Adjusted_Penalty,i_sd_version,r_sd_ADMET\_EXT\_Hepatotoxic\_Applicability%23MD,s_vsw_variant,s_sd_ADMET\_EXT\_Hepatotoxic%23Prediction,s_sd_SALTDATA,s_i_glide_gridfile,i_i_glide_confnum,s_sd_ADMET\_EXT\_PPB%23Prediction,s_epik_cmdline,r_sd_TOPKAT\_Ames\_Score,i_sd_ADMET\_BBB\_Level,s_sd_IDNUMBER,r_sd_TPSA,s_sd_TOPKAT\_WOE\_Applicability,r_i_glide_gscore,i_sd_H\_ACCEPTORS,r_i_glide_emodel,r_sd_ADMET\_EXT\_CYP2D6\_Applicability%23MDpvalue,r_sd_ADMET\_EXT\_CYP2D6\_Applicability%23MD,i_sd_H\_DONORS,r_i_glide_ecoul,s_sd_PRICE,i_i_glide_rotatable_bonds,r_i_glide_eff_state_penalty,r_sd_ADMET\_EXT\_PPB\_Applicability%23MD,s_sd_TOPKAT\_Ames\_Applicability,r_sd_TOPKAT\_WOE\_Probability,r_sd_TOPKAT\_Ames\_Probability,i_sd_ROTATABLE\_BONDS,r_sd_Weight,s_sd_ADD\_INFO,s_st_Chirality_2,i_sd_ADMET\_Unknown\_AlogP98,s_m_title,r_i_docking_score,i_m_source_file_index,r_sd_ADMET\_EXT\_CYP2D6,b_lp_Chiralities_Consistent,r_sd_ADMET\_EXT\_Hepatotoxic,r_sd_ADMET\_AlogP98,r_sd_ADMET\_EXT\_PPB,i_f3d_flags,r_i_glide_ligand_efficiency_ln,r_sd_ADMET\_PSA\_2D,s_epik_input,r_epik_Ionization_Penalty,s_vsw_compound_code,r_glide_XP_GScore,s_sd_Name,i_epik_Tot_Q,r_sd_ADMET\_Solubility,i_i_glide_posenum,s_lp_Force_Field,s_m_source_file,r_lp_tautomer_probability,i_sd_ADMET\_Absorption\_Level,s_sd_TOPKAT\_Ames\_Prediction,r_lp_Energy,r_epik_Ionization_Penalty_Charging,s_st_EZ_1,r_sd_ADMET\_EXT\_Hepatotoxic\_Applicability%23MDpvalue,s_sd_ADMET\_EXT\_CYP2D6%23Prediction,s_sd_ADMET\_EXT\_CYP2D6\_Applicability,r_sd_TOPKAT\_WOE\_Score,r_i_glide_ligand_efficiency,r_sd_ADMET\_EXT\_PPB\_Applicability%23MDpvalue,i_lp_mmshare_version,s_lp_Variant,r_i_glide_evdw,i_sd_ADMET\_Solubility\_Level,r_epik_State_Penalty,i_glide_XP_PoseRank
2,2.3499999,-3.75,-1.03676691858069,-0.875,1,-61.8003377914429,886_sdstereoexpander_2_neutralizer_1_epik_1_stereoizer_1,-1.47852386989771,0.0,0.402609459352312,7.08250141143799,31_R_46_33_23_67,"All properties and OPS components are within expected ranges.
Unknown FCFP_2 feature: 1703873925: [*]N([*])S(=O)(=O)N([*])[*]","All properties and OPS components are within expected ranges.
Unknown FCFP_2 feature: 1703873925: [*]N([*])S(=O)(=O)N([*])[*]",0.0333513176987892,"D,L-isomer",2,1,,Non-Carcinogen,127,0.119214399371628,0,10.8309570219321,886-3,true,,glide-grid_1,1,true,J2VwaWtfcHl0aG9uJywgJy1waCcsICc3LjAwMDAwMCcsICctcGh0JywgJzIuMDAwMDAwJywgJy1tcycsICcxNicsICctdG4nLCAnOCcsICctbWEnLCAnMjAwJywgJy1pbWFlJywgJzxpbmZpbGUubWFlPicsICctb21hZScsICc8b3V0ZmlsZS5tYWU+Jw==,-23.1176064451476,3,AP-124/43238055,98.769997,"All properties and OPS components are within expected ranges.
.
.
.
.
.
.
.",-10.9364565575968,7,-87.482045516033,0.000204000582712281,13.168028200611,1,-14.7321004867554,S01,10,0.0555,12.7813633415425,"All properties and OPS components are within expected ranges.
.
.
.",0.207301040772893,0.0186224290968212,9,487.621,http://www.specs.net/enter.php?specsid=AP-124/43238055,,0,AP-124/43238055,-10.8809565575968,886,-9.57992516304346,1,-2.28406266654251,2.361,7.40949562352621,0,-2.40390850406674,91.705,W0NIMl0xW0NIMl1bQ0gyXVtDSDJdW0NIMl1OMVMoPU8pKD1PKU4yW0NIMl1bQ0gyXU4oW0NIMl1bQ0gyXTIpW0NIMl1bQ0BIXShbT0hdKVtDSDJdT2MoW2NIXVtjSF0zKVtjSF1bY0hdYzNDKD1PKWM0W2NIXVtjSF1bY0hdW2NIXVtjSF00,0.0637,886,-10.9364565575968,AP-124/43238055,1,-2.771,1,OPLS_2005,s-LIGPREP-001-in.maegz,,0,Non-Mutagen,29.0325275915521,0.0637,,0.010463068769513,false,"All properties and OPS components are within expected ranges.
Unknown FCFP_2 feature: 1703873925: [*]N([*])S(=O)(=O)N([*])[*]",-11.6708767010694,-0.320028134046965,0.0115184159121596,40011,AP-124/43238055-3,-47.0682373046875,3,0.0555,1
2,1.83,-3.8499999,-1.0480491092617,-1.126,0,-58.4153170585632,711_sdstereoexpander_1_neutralizer_1_epik_1_stereoizer_1,-0.48,0.0001,0.574223009372022,12.1068897247314,2_S_28_3_4_6,All properties and OPS components are within expected ranges.,All properties and OPS components are within expected ranges.,0.00848311321890239,,2,1,"This compound has an ester and may undergo hydrolysis at high or low pH. This compound contains an acetal/aminal-like group ( X-CH(R)-Y where X, Y are N, S, or O) that may be acid/base labile, releasing an aldehyde.",Non-Carcinogen,101,0.0,0,12.8568446812941,711-1,false,,glide-grid_1,1,true,J2VwaWtfcHl0aG9uJywgJy1waCcsICc3LjAwMDAwMCcsICctcGh0JywgJzIuMDAwMDAwJywgJy1tcycsICcxNicsICctdG4nLCAnOCcsICctbWEnLCAnMjAwJywgJy1pbWFlJywgJzxpbmZpbGUubWFlPicsICctb21hZScsICc8b3V0ZmlsZS5tYWU+Jw==,-27.0814294968241,3,AK-778/41050992,102.37,"All properties and OPS components are within expected ranges.
Unknown SCFP_2 feature: -1135870685: [*]OC(C=[*])(C([*])[*])[c](:[*]):[*]
.
.
.
.
.
.",-10.3424341139841,6,-89.2026004935384,5.70596919162034e-08,16.3571406107955,1,-6.76166105270386,S01,9,-0.0,13.8159741407033,"OPS PC34 out of range. Value: -4.4389. Training min, max, SD, explained variance: -4.3575, 4.5024, 0.9441, 0.0095.
.
.
.",0.295663762272403,0.00473672962088245,8,423.42099,http://www.specs.net/enter.php?specsid=AK-778/41050992,,0,AK-778/41050992,-10.3424341139841,711,-10.3146143335884,1,-11.2951750667227,2.122,8.64721655972681,0,-2.33253585024384,102.86,W2NIXTFbY0hdW2NIXVtjSF1jKGMxMilOKFtDSDJdQyg9TylPW0NIMl1bQ0gzXSlDKD1PKVtDQF0yKFtPSF0pW0NIMl1DKD1PKVxbQ0hdPVtDSF0vYyhbY0hdMylbY0hdW2NIXWMoYzM0KU9bQ0gyXU80,0.0001,711,-10.3424341139841,AK-778/41050992,0,-3.083,9,OPLS_2005,s-LIGPREP-001-in.maegz,1.0,0,Non-Mutagen,53.7889445012015,0.0,22_16_19_31_Z,3.61295126509369e-06,false,All properties and OPS components are within expected ranges.,-7.5243959453582,-0.333626906902712,0.000236028973578415,40011,AK-778/41050992-1,-51.6536560058594,3,-0.0,1
2,2.1199999,-3.0999999,-1.33521878343434,-0.554,0,-45.1453061103821,335_sdstereoexpander_1_neutralizer_1_epik_1_stereoizer_1,-0.873605890826951,0.0,0.467207405300452,7.33845281600952,4_R_1_12_21_39,All properties and OPS components are within expected ranges.,All properties and OPS components are within expected ranges.,0.231896854282261,,2,1,This compound has an ester and may undergo hydrolysis at high or low pH.,Non-Carcinogen,38,0.0,0,13.5145917804784,335-1,true,,glide-grid_1,1,false,J2VwaWtfcHl0aG9uJywgJy1waCcsICc3LjAwMDAwMCcsICctcGh0JywgJzIuMDAwMDAwJywgJy1tcycsICcxNicsICctdG4nLCAnOCcsICctbWEnLCAnMjAwJywgJy1pbWFlJywgJzxpbmZpbGUubWFlPicsICctb21hZScsICc8b3V0ZmlsZS5tYWU+Jw==,-16.2098379089083,3,AT-417/43484771,62.400002,"All properties and OPS components are within expected ranges.
.
.
.
.
.
.
.",-10.1632349017132,5,-64.68765001936,7.80416262485065e-06,14.4803610973725,1,-6.85417604446411,S01,5,-0.0,14.2125063402883,"All properties and OPS components are within expected ranges.
.
.
.",0.240562110814275,0.129484620837157,5,286.33099,http://www.specs.net/enter.php?specsid=AT-417/43484771,,0,AT-417/43484771,-10.1632349017132,335,-6.3026590562474,1,-0.566701443490403,1.875,-12.5358007707777,0,-2.51283929269876,61.939,W0NIMl0xW0NIMl1bQ0gyXVtDQEhdKEMoPU8pT1tDSDNdKU4xQyg9TylbQ0gyXWMyW2NIXVtuSF1jKGMyMylbY0hdW2NIXVtjSF1bY0hdMw==,0.0,335,-10.1632349017132,AT-417/43484771,0,-3.365,8,OPLS_2005,s-LIGPREP-001-in.maegz,1.0,0,Non-Mutagen,14.7116952442413,0.0,,1.3478646552295e-07,false,All properties and OPS components are within expected ranges.,-10.2538966098505,-0.483963566748247,3.88670835547168e-05,40011,AT-417/43484771-1,-38.291130065918,3,-0.0,1
2,3.21,-4.4899998,-0.983679631017113,-0.491,1,-59.4058170318604,724_sdstereoexpander_1_neutralizer_1_epik_1_stereoizer_1,-0.910687558528417,0.0018,0.505022567934216,6.39753293991089,,"All properties and OPS components are within expected ranges.
Unknown FCFP_2 feature: -1678245750: [*]S\C(=C/[*])\[c](:[*]):[*]",All properties and OPS components are within expected ranges.,0.253297671718296,,2,0,,Non-Carcinogen,105,0.0012037302814575,0,13.3621188103483,724-1,true,HBr,glide-grid_1,1,true,J2VwaWtfcHl0aG9uJywgJy1waCcsICc3LjAwMDAwMCcsICctcGh0JywgJzIuMDAwMDAwJywgJy1tcycsICcxNicsICctdG4nLCAnOCcsICctbWEnLCAnMjAwJywgJy1pbWFlJywgJzxpbmZpbGUubWFlPicsICctb21hZScsICc8b3V0ZmlsZS5tYWU+Jw==,-15.8178034615139,2,AK-968/15607121,116.12,"All properties and OPS components are within expected ranges.
Unknown SCFP_2 feature: -877939751: [*]C(=C(N)[c](:[*]):[*])[*]
Unknown SCFP_2 feature: -1630519606: [*]=C1[*][*]C(=[*])S1
Unknown SCFP_2 feature: -1971673383: [*]C1=CS[*][*]1
.
.
.
.",-10.1215680215765,6,-90.8211138464183,4.56325660252014e-10,18.1658724787383,1,-5.53912925720215,S01,10,0.0012,14.6341439790313,"All properties and OPS components are within expected ranges.
.
.
.",0.260032896681022,0.141434229812608,8,487.64499,http://www.specs.net/enter.php?specsid=AK-968/15607121,,0,AK-968/15607121,-10.1203680215765,724,-12.1349117055256,1,0.984070598071787,3.128,6.81287719879379,0,-2.25071744753741,82.375,W0NIMl0xW0NIMl1bQ0gyXVtDSDJdW0NIMl1OMVMoPU8pKD1PKWMyW2NIXVtjSF1jKFtjSF1bY0hdMiktYyhbY0hdczMpbihbQ0gyXVtDSDJdW0NIMl1bT0hdKS9jMz1OXGM0YyhPW0NIM10pW2NIXVtjSF1bY0hdW2NIXTQ=,0.0018,724,-10.1215680215765,AK-968/15607121,1,-3.908,4,OPLS_2005,s-LIGPREP-001-in.maegz,1.0,0,Non-Mutagen,29.3433912972454,0.0,6_2_5_11_E,2.96642851379049e-07,false,All properties and OPS components are within expected ranges.,-9.28217850860366,-0.306677818835652,4.77059336225892e-06,40011,AK-968/15607121-1,-53.8666877746582,3,0.0012,1
2,1.62,-3.5799999,-0.969155222883384,-0.401,0,-52.8204417228699,593_sdstereoexpander_1_neutralizer_1_epik_1_stereoizer_1,-1.32402797479757,0.0,0.577132129304569,4.94382810592651,4_R_8_2_5_56,All properties and OPS components are within expected ranges.,All properties and OPS components are within expected ranges.,0.400343626584749,,2,1,,Non-Carcinogen,83,0.0,0,10.6654291802962,593-1,false,,glide-grid_1,1,true,J2VwaWtfcHl0aG9uJywgJy1waCcsICc3LjAwMDAwMCcsICctcGh0JywgJzIuMDAwMDAwJywgJy1tcycsICcxNicsICctdG4nLCAnOCcsICctbWEnLCAnMjAwJywgJy1pbWFlJywgJzxpbmZpbGUubWFlPicsICctb21hZScsICc8b3V0ZmlsZS5tYWU+Jw==,-13.5597755497839,2,AG-205/37106184,76.150002,"All properties and OPS components are within expected ranges.
.
.
.
.
.
.
.",-9.35709080789854,5,-77.257855917761,0.000271339591345857,13.0485657133399,0,-6.71380567550659,S01,9,-0.0,13.7485279810244,"All properties and OPS components are within expected ranges.
.
.
.",0.297161649556821,0.223540516982613,9,410.47,http://www.specs.net/enter.php?specsid=AG-205/37106184,,0,AG-205/37106184,-9.35709080789854,593,-10.693426306303,1,-5.60663174002828,3.116,0.799802728713246,0,-2.12603298522475,76.467,W0NIM11bQ0gyXU9jKFtjSF1bY0hdMSlbY0hdW2NIXWMxTjJDKD1PKVtDQEBIXShbQ0gyXUMyPU8pTihDKD1PKVtDSDNdKVtDSDJdW0NIMl1jM1tjSF1bY0hdYyhbY0hdW2NIXTMpT1tDSDNd,0.0,593,-9.35709080789854,AG-205/37106184,0,-3.854,15,OPLS_2005,s-LIGPREP-001-in.maegz,1.0,0,Non-Mutagen,48.007315667929,0.0,,0.0169986760076116,false,All properties and OPS components are within expected ranges.,-7.45803340217025,-0.311903026929951,0.000315440918488928,40011,AG-205/37106184-1,-46.1066360473633,3,-0.0,1
2,1.03,-2.6900001,-1.0526316496429,-1.313,0,-53.2591562271118,990_sdstereoexpander_1_neutralizer_1_epik_1_stereoizer_1,-1.33,0.0,0.569936020449539,0.615128874778748,,All properties and OPS components are within expected ranges.,All properties and OPS components are within expected ranges.,0.481145033754722,,2,0,This compound has an imine and may undergo hydrolysis.,Non-Carcinogen,150,1.86776759256558e-09,0,12.4628173241961,990-1,false,,glide-grid_1,1,false,J2VwaWtfcHl0aG9uJywgJy1waCcsICc3LjAwMDAwMCcsICctcGh0JywgJzIuMDAwMDAwJywgJy1tcycsICcxNicsICctdG4nLCAnOCcsICctbWEnLCAnMjAwJywgJy1pbWFlJywgJzxpbmZpbGUubWFlPicsICctb21hZScsICc8b3V0ZmlsZS5tYWU+Jw==,-12.5036267482757,3,AS-871/41421367,99.900002,"All properties and OPS components are within expected ranges.
Unknown SCFP_2 feature: 1964617636: [*]C(=[*])C[n+](:[*]):[*]
.
.
.
.
.
.",-9.238298478199,9,-79.6242872939295,5.33735003973401e-08,16.3822380835818,1,-10.237114906311,S01,5,-0.0,13.8531927391149,"All properties and OPS components are within expected ranges.
.
.
.",0.293456419039976,0.268657729128052,5,358.33301,http://www.specs.net/enter.php?specsid=AS-871/41421367,,0,AS-871/41421367,-9.238298478199,990,-7.4481878448094,1,-9.21063569745544,1.335,-10.9965981968512,0,-2.16958408427526,99.35,W0NIM11uMWMoPU8pbihbQ0gzXSljKD1PKWMoYzEyKW4oW2NIXW4yKVtDSDJdQyg9TylbTkhdL049W0NIXS9jM2MoRilbY0hdW2NIXVtjSF1bY0hdMw==,0.0,990,-9.238298478199,AS-871/41421367,0,-3.025,2,OPLS_2005,s-LIGPREP-001-in.maegz,1.0,0,Non-Mutagen,35.8548794770925,0.0,19_17_23_18_E,2.22963657483584e-05,false,All properties and OPS components are within expected ranges.,-7.62313336408315,-0.355319172238423,0.00020069784059643,40011,AS-871/41421367-1,-43.0220413208008,3,-0.0,1
2,1.8200001,-3.5,-1.0386972507548,-0.59,0,-46.4640140533447,904_sdstereoexpander_1_neutralizer_1_epik_1_stereoizer_1,-1.11859988843859,0.0,0.398337588413844,8.33494472503662,5_S_4_3_34_47,All properties and OPS components are within expected ranges.,All properties and OPS components are within expected ranges.,0.211285564447644,,2,1,,Non-Carcinogen,128,0.0,0,11.9118873718437,904-1,true,,glide-grid_1,1,true,J2VwaWtfcHl0aG9uJywgJy1waCcsICc3LjAwMDAwMCcsICctcGh0JywgJzIuMDAwMDAwJywgJy1tcycsICcxNicsICctdG4nLCAnOCcsICctbWEnLCAnMjAwJywgJy1pbWFlJywgJzxpbmZpbGUubWFlPicsICctb21hZScsICc8b3V0ZmlsZS5tYWU+Jw==,-16.6116065346666,3,AP-685/41280855,64.169998,"All properties and OPS components are within expected ranges.
.
.
.
.
.
.
.",-9.11600485717192,7,-69.2537260917971,0.229972113844166,9.49209280523182,0,-9.61212348937988,S01,4,-0.0,13.1897855641084,"All properties and OPS components are within expected ranges.
.
.
.",0.205101481693937,0.117975861662909,4,376.84399,http://www.specs.net/enter.php?specsid=AP-685/41280855,,0,AP-685/41280855,-9.11600485717192,904,-12.7659606946452,1,-2.09964834096235,1.932,0.679272421648061,0,-2.14086382865515,65.312,W0NIMl0xW0NIMl1bQ0gyXVtDQEhdKE4xMilDKD1PKU4oQzI9TylbQ0gyXUMoPU8pTjNbQ0gyXVtDSDJdTihbQ0gyXVtDSDJdMyljNFtjSF1jKENsKVtjSF1bY0hdW2NIXTQ=,0.0,904,-9.11600485717192,AP-685/41280855,0,-3.506,6,OPLS_2005,s-LIGPREP-001-in.maegz,1.0,0,Non-Mutagen,79.6694435378311,0.0,,0.000231115755660312,false,All properties and OPS components are within expected ranges.,-11.7702200938784,-0.350615571429689,0.00287166130394343,40011,AP-685/41280855-1,-36.8518905639648,3,-0.0,1
2,2.6300001,-3.6099999,-1.15849572787914,-0.305,0,-45.7456021308899,766_sdstereoexpander_1_neutralizer_1_epik_1_stereoizer_1,0.0,0.0,0.565992355560718,1.06192779541016,,All properties and OPS components are within expected ranges.,All properties and OPS components are within expected ranges.,0.321301227676929,,2,0,,Non-Carcinogen,111,2.57935402753841e-09,0,11.233746919323,766-1,false,,glide-grid_1,1,false,J2VwaWtfcHl0aG9uJywgJy1waCcsICc3LjAwMDAwMCcsICctcGh0JywgJzIuMDAwMDAwJywgJy1tcycsICcxNicsICctdG4nLCAnOCcsICctbWEnLCAnMjAwJywgJy1pbWFlJywgJzxpbmZpbGUubWFlPicsICctb21hZScsICc8b3V0ZmlsZS5tYWU+Jw==,-14.6986220679728,2,AO-343/41781097,58.439999,"All properties and OPS components are within expected ranges.
Unknown SCFP_2 feature: 1964617636: [*]C(=[*])C[n+](:[*]):[*]
.
.
.
.
.
.",-9.09584164674806,6,-63.1096496665549,0.000155007289854254,13.2821454229869,0,-6.94305849075317,S01,3,-0.0,12.9857808007369,"All properties and OPS components are within expected ranges.
.
.
.",0.291425851161051,0.179405485119781,3,296.32999,http://www.specs.net/enter.php?specsid=AO-343/41781097,,0,AO-343/41781097,-9.09584164674806,766,-8.64672583043464,1,-16.3657805121478,2.475,-9.85958788096864,0,-2.2233554773506,57.915,W0NIM11uMWMoPU8pbihbQ0gzXSljKD1PKWMoYzEyKW4oW2NIXW4yKVtDSDJdXFtDSF09W0NIXVxjM1tjSF1bY0hdW2NIXVtjSF1bY0hdMw==,0.0,766,-9.09584164674806,AO-343/41781097,0,-3.839,5,OPLS_2005,s-LIGPREP-001-in.maegz,1.0,0,Non-Mutagen,35.9178661653346,0.0,25_13_15_28_E,0.00287033218256979,false,All properties and OPS components are within expected ranges.,-7.71498074519127,-0.413447347579458,0.00588840098940308,40011,AO-343/41781097-1,-38.8025436401367,3,-0.0,1
2,2.71,-4.3400002,-1.00654888311517,-0.381,0,-58.1909286975861,383_sdstereoexpander_1_neutralizer_1_epik_1_stereoizer_1,0.0,0.0,0.52092148860714,5.58817529678345,,All properties and OPS components are within expected ranges.,All properties and OPS components are within expected ranges.,0.498295474215935,,2,0,,Non-Carcinogen,43,0.0,0,18.0360940134854,383-1,false,,glide-grid_1,1,true,J2VwaWtfcHl0aG9uJywgJy1waCcsICc3LjAwMDAwMCcsICctcGh0JywgJzIuMDAwMDAwJywgJy1tcycsICcxNicsICctdG4nLCAnOCcsICctbWEnLCAnMjAwJywgJy1pbWFlJywgJzxpbmZpbGUubWFlPicsICctb21hZScsICc8b3V0ZmlsZS5tYWU+Jw==,-12.2888464972972,2,AP-970/43482445,61.880001,"All properties and OPS components are within expected ranges.
.
.
.
.
.
.
.",-9.05893995798878,5,-90.7021824585516,4.29410482932137e-09,17.3265969894117,1,-3.81211400032043,S01,7,-0.0,16.3807587402177,"All properties and OPS components are within expected ranges.
.
.
.",0.268219149453038,0.278234048251413,7,387.867,http://www.specs.net/enter.php?specsid=AP-970/43482445,,0,AP-970/43482445,-9.05893995798878,383,-9.76365635228643,1,-5.24151892089905,2.493,6.06092191029364,0,-2.10877187392238,63.046,W0NIMl0xW0NIMl1OKEMoPU8pW0NIM10pW0NIMl1bQ0gyXU4xYzJjKFtjSF1bY0hdW2NIXWMyQ2wpW05IXUMoPU8pW0NIMl1PYzNbY0hdW2NIXVtjSF1bY0hdW2NIXTM=,0.0,383,-9.05893995798878,AP-970/43482445,0,-3.586,3,OPLS_2005,s-LIGPREP-001-in.maegz,1.0,0,Non-Mutagen,51.3962783807607,0.0,,4.29969475962812e-20,false,All properties and OPS components are within expected ranges.,-8.84340967398867,-0.335516294740325,1.32972665483934e-10,40011,AP-970/43482445-1,-54.3788146972656,3,-0.0,1
2,2.6500001,-3.8399999,-1.13846558349539,-0.206,0,-44.1309614181519,203_sdstereoexpander_4_neutralizer_1_epik_1_stereoizer_1,-1.33,0.0,0.564381391972498,3.20136761665344,3_R_7_4_21_41,All properties and OPS components are within expected ranges.,All properties and OPS components are within expected ranges.,0.272764168851494,,2,1,This compound has an ester and may undergo hydrolysis at high or low pH.,Non-Carcinogen,16,0.0,0,14.2374605224,203-4,true,,glide-grid_1,1,true,J2VwaWtfcHl0aG9uJywgJy1waCcsICc3LjAwMDAwMCcsICctcGh0JywgJzIuMDAwMDAwJywgJy1tcycsICcxNicsICctdG4nLCAnOCcsICctbWEnLCAnMjAwJywgJy1pbWFlJywgJzxpbmZpbGUubWFlPicsICctb21hZScsICc8b3V0ZmlsZS5tYWU+Jw==,-15.4798526273572,2,AO-854/43471968,55.84,"All properties and OPS components are within expected ranges.
.
.
.
.
.
.
.",-8.93857648202485,4,-64.7689424783266,7.0902341016088e-07,15.4045208683974,0,-6.544264793396,S01,6,-0.0,12.4752713869838,"All properties and OPS components are within expected ranges.
.
.
.",0.290596376292222,0.152303769238321,6,325.79199,http://www.specs.net/enter.php?specsid=AO-854/43471968,8_R_9_2_29_42,0,AO-854/43471968,-8.93857648202485,203,-5.4847563765855,1,-3.36763644078962,2.69,1.96602552880942,0,-2.18491413470599,55.814,W0NIMl0xW0NIMl1bQ0gyXVtDQEhdKEMoPU8pT1tDSDNdKVtDSDJdTjFDKD1PKVtDQEhdKFtDSDNdKU9jMltjSF1jKENsKVtjSF1bY0hdW2NIXTI=,0.0,203,-8.93857648202485,AO-854/43471968,0,-3.55,14,OPLS_2005,s-LIGPREP-001-in.maegz,1.0,0,Non-Mutagen,33.8051677519438,0.0,,2.61968711845921e-09,false,"OPS PC10 out of range. Value: -4.0494. Training min, max, SD, explained variance: -3.6342, 6.9895, 1.549, 0.0314.",-7.75278662763651,-0.406298931001129,0.0286839241137158,40011,AO-854/43471968-4,-37.5866966247559,3,-0.0,1
2,3.22,-4.7399998,-0.960220953867748,-0.375,0,-53.6433155536652,450_sdstereoexpander_1_neutralizer_1_epik_1_stereoizer_1,-0.118033637086101,0.0,0.581148811193666,4.77008485794067,,All properties and OPS components are within expected ranges.,All properties and OPS components are within expected ranges.,0.339259082624153,,2,0,,Non-Carcinogen,50,0.0,0,12.4084968186585,450-1,true,,glide-grid_1,1,true,J2VwaWtfcHl0aG9uJywgJy1waCcsICc3LjAwMDAwMCcsICctcGh0JywgJzIuMDAwMDAwJywgJy1tcycsICcxNicsICctdG4nLCAnOCcsICctbWEnLCAnMjAwJywgJy1pbWFlJywgJzxpbmZpbGUubWFlPicsICctb21hZScsICc8b3V0ZmlsZS5tYWU+Jw==,-14.4275561703749,2,AN-329/43385563,67.870003,"All properties and OPS components are within expected ranges.
.
.
.
.
.
.
.",-8.85407507804822,5,-81.5411263868382,4.98129284104039e-10,18.1330179605447,1,-2.8592541217804,S01,9,-0.0,13.3569815776847,"All properties and OPS components are within expected ranges.
.
.
.",0.299229813423122,0.189432641572967,9,382.45999,http://www.specs.net/enter.php?specsid=AN-329/43385563,,0,AN-329/43385563,-8.85407507804822,450,-10.5640662092862,1,-2.5929522735888,2.798,0.608549037128787,0,-2.04378049495409,68.624,W0NIMl0xW0NIMl1bQ0gyXVtDSDJdW0NIMl1OMUMoPU8pYzJjKFtjSF1bY0hdW2NIXVtjSF0yKVtOSF1DKD1PKWMzW2NIXVtjSF1jKFtjSF1bY0hdMylPW0NIMl1bQ0gyXU9bQ0gzXQ==,0.0,450,-8.85407507804822,AN-329/43385563,0,-3.565,12,OPLS_2005,s-LIGPREP-001-in.maegz,1.0,0,Non-Mutagen,51.4811932850735,0.0,,2.83870157632622e-05,false,All properties and OPS components are within expected ranges.,-7.36723482909838,-0.316216967073151,0.00153841721220229,40011,AN-329/43385563-1,-50.7840614318848,3,-0.0,1
2,0.88,-2.5,-1.03275319575769,-1.092,0,-52.2042837142944,930_sdstereoexpander_1_neutralizer_1_epik_1_stereoizer_1,-1.33,0.0,0.530057446064523,2.70145583152771,,All properties and OPS components are within expected ranges.,All properties and OPS components are within expected ranges.,0.36316535797466,,2,0,,Non-Carcinogen,136,4.4116695544775e-09,0,10.6131543993487,930-1,false,,glide-grid_1,1,false,J2VwaWtfcHl0aG9uJywgJy1waCcsICc3LjAwMDAwMCcsICctcGh0JywgJzIuMDAwMDAwJywgJy1tcycsICcxNicsICctdG4nLCAnOCcsICctbWEnLCAnMjAwJywgJy1pbWFlJywgJzxpbmZpbGUubWFlPicsICctb21hZScsICc8b3V0ZmlsZS5tYWU+Jw==,-14.0788655398346,3,AG-690/13116127,87.540001,"All properties and OPS components are within expected ranges.
Unknown SCFP_2 feature: 1964617636: [*]C(=[*])C[n+](:[*]):[*]
.
.
.
.
.
.",-8.82991562746983,8,-72.3235447516435,1.38705017527972e-05,14.2547874703648,1,-8.63527584075928,S01,4,-0.0,12.7906283790523,"All properties and OPS components are within expected ranges.
.
.
.",0.272923195633223,0.202781227128255,4,349.297,http://www.specs.net/enter.php?specsid=AG-690/13116127,,0,AG-690/13116127,-8.82991562746983,930,-10.1572423396697,1,-8.06145983827453,1.472,-13.336404838836,0,-2.09295461492889,88.026,W0NIM11uMWMoPU8pbihbQ0gzXSljKD1PKWMoYzEyKW4oW2NIXW4yKVtDSDJdQyg9TylbTkhdYzNjKEYpW2NIXWMoRilbY0hdW2NIXTM=,0.0,930,-8.82991562746983,AG-690/13116127,0,-3.345,10,OPLS_2005,s-LIGPREP-001-in.maegz,1.0,0,Non-Mutagen,40.2901859019944,0.0,,0.0197007992267137,false,All properties and OPS components are within expected ranges.,-8.60178544307928,-0.353196625098793,0.0111852724350984,40011,AG-690/13116127-1,-43.5690078735352,3,-0.0,1
2,2.96,-4.3899999,-1.10702716098887,-0.734,1,-54.9714069366455,385_sdstereoexpander_1_neutralizer_1_epik_1_stereoizer_1,0.0,0.3851,0.432464026663821,5.45235586166382,,All properties and OPS components are within expected ranges.,All properties and OPS components are within expected ranges.,0.374855078502464,,2,0,,Non-Carcinogen,44,0.383043808460317,0,13.7847696960871,385-1,true,,glide-grid_1,1,true,J2VwaWtfcHl0aG9uJywgJy1waCcsICc3LjAwMDAwMCcsICctcGh0JywgJzIuMDAwMDAwJywgJy1tcycsICcxNicsICctdG4nLCAnOCcsICctbWEnLCAnMjAwJywgJy1pbWFlJywgJzxpbmZpbGUubWFlPicsICctb21hZScsICc8b3V0ZmlsZS5tYWU+Jw==,-13.9128452582293,3,AF-399/43302054,81.599998,"All properties and OPS components are within expected ranges.
.
.
.
.
.
.
.",-9.07474008387396,5,-71.9798779463976,1.73547577180096e-07,15.9381614537564,1,-16.1252918243408,S01,7,0.383,14.1727840322903,"All properties and OPS components are within expected ranges.
.
.
.",0.222672966920521,0.209308435248089,7,364.25299,http://www.specs.net/enter.php?specsid=AF-399/43302054,,0,AF-399/43302054,-8.69174008387396,385,-6.02751950049903,1,1.02741450123852,1.857,4.24653201365916,0,-2.12457831542153,72.951,Q2xjMVtjSF1jKE9bQ0gzXSljKENsKVtjSF1jMVMoPU8pKD1PKVtOSF1bQ0gyXVtDSDJdW0NIMl1uMltjSF1uW2NIXVtjSF0y,0.3851,385,-9.07474008387396,AF-399/43302054,1,-3.121,9,OPLS_2005,s-LIGPREP-001-in.maegz,1.0,0,Non-Mutagen,15.2015058653285,0.0,,3.20944781204687e-08,false,All properties and OPS components are within expected ranges.,-10.9972930470837,-0.395079094721544,4.69152021561392e-05,40011,AF-399/43302054-1,-38.8461151123047,3,0.383,1
2,2.9100001,-3.99,-1.07043853422207,-0.15,0,-51.5736865997314,566_sdstereoexpander_2_neutralizer_1_epik_1_stereoizer_1,-1.21903600343646,0.0,0.465728401154896,10.8828964233398,4_R_1_2_15_47,All properties and OPS components are within expected ranges.,All properties and OPS components are within expected ranges.,0.216031996496407,,2,1,This compound has an ester and may undergo hydrolysis at high or low pH.,Non-Carcinogen,77,0.0,0,8.03520234763901,566-2,false,,glide-grid_1,1,false,J2VwaWtfcHl0aG9uJywgJy1waCcsICc3LjAwMDAwMCcsICctcGh0JywgJzIuMDAwMDAwJywgJy1tcycsICcxNicsICctdG4nLCAnOCcsICctbWEnLCAnMjAwJywgJy1pbWFlJywgJzxpbmZpbGUubWFlPicsICctb21hZScsICc8b3V0ZmlsZS5tYWU+Jw==,-16.5167384139572,2,AG-205/13109176,49.849998,"All properties and OPS components are within expected ranges.
.
.
.
.
.
.
.",-8.65725664641487,5,-71.9642409115264,0.226462262282867,9.50480697060248,0,-7.65308952331543,S01,6,-0.0,11.7014489194854,"All properties and OPS components are within expected ranges.
.
.
.",0.239800581020181,0.120626134587333,6,316.401,http://www.specs.net/enter.php?specsid=AG-205/13109176,,0,AG-205/13109176,-8.65725664641487,566,-3.79365022431912,1,-8.62574792635846,2.585,-5.12930122199835,0,-2.0934031567663,50.236,W0NIMl0xW0NIMl1bQ0gyXVtDSDJdW0NIMl1OMUMoPU8pW0NASF0oW0NIMl1bQ0gyXVtDSDJdMilOMkMoPU8pT1tDSDJdYzNbY0hdW2NIXVtjSF1bY0hdW2NIXTM=,0.0,566,-8.65725664641487,AG-205/13109176,0,-3.564,1,OPLS_2005,s-LIGPREP-001-in.maegz,1.0,0,Non-Mutagen,34.629282639343,0.0,,0.876740854859537,false,All properties and OPS components are within expected ranges.,-10.2847462596233,-0.376402462887603,0.17447529045244,40011,AG-205/13109176-2,-43.920597076416,3,-0.0,1
2,1.62,-2.75,-1.16412501093866,-0.606,1,-48.0210103988647,331_sdstereoexpander_1_neutralizer_1_epik_1_stereoizer_1,-1.34666903890797,0.0,0.494840374257744,9.76375579833984,,"OPS PC4 out of range. Value: 7.8566. Training min, max, SD, explained variance: -4.6928, 7.4417, 2.104, 0.0552.",All properties and OPS components are within expected ranges.,0.240984748228567,,2,0,,Non-Carcinogen,37,0.00992295025342196,0,11.6059266899323,331-1,false,,glide-grid_1,1,true,J2VwaWtfcHl0aG9uJywgJy1waCcsICc3LjAwMDAwMCcsICctcGh0JywgJzIuMDAwMDAwJywgJy1tcycsICcxNicsICctdG4nLCAnOCcsICctbWEnLCAnMjAwJywgJy1pbWFlJywgJzxpbmZpbGUubWFlPicsICctb21hZScsICc8b3V0ZmlsZS5tYWU+Jw==,-16.040499350646,3,AQ-360/12120585,60.849998,"OPS PC20 out of range. Value: 3.2617. Training min, max, SD, explained variance: -2.4327, 3.0557, 0.8804, 0.0158.
.
.
.
.
.
.
.",-8.58154642587133,5,-62.8568054306258,0.0128079394003523,11.2869427181645,1,-9.73253917694092,S01,5,0.0042,11.1109425403701,"All properties and OPS components are within expected ranges.
.
.
.",0.254790150149732,0.134559042848994,5,296.754,http://www.specs.net/enter.php?specsid=AQ-360/12120585,,0,AQ-360/12120585,-8.57734642587133,331,-11.804755779801,1,-4.35301474036274,1.718,8.67297375774398,0,-2.14662691057683,62.122,Tz1DKFtPSF0pW0NIMl1bQ0gyXUMoPU8pTjFbQ0gyXVtDSDJdTihbQ0gyXVtDSDJdMSljMltjSF1jKENsKVtjSF1bY0hdW2NIXTI=,0.0058,331,-8.58154642587133,AQ-360/12120585,-1,-2.307,13,OPLS_2005,s-LIGPREP-001-in.maegz,,0,Non-Mutagen,39.5943319813584,0.0057,,0.000758046709921176,false,All properties and OPS components are within expected ranges.,-9.57664351221664,-0.428867321293567,0.429343402875336,40011,AQ-360/12120585-1,-38.2884712219238,3,0.0042,1
