i_m_ct_enhanced_stereo_status,s_st_Chirality_2,r_i_glide_ligand_efficiency_sa,r_sd_ADMET\_BBB,i_epik_Tot_abs_Q,r_i_glide_energy,s_lp_label,r_glide_XP_HBond,r_epik_Ionization_Penalty_Neutral,r_sd_TOPKAT\_WOE\_Enrichment,r_i_glide_einternal,s_st_Chirality_1,s_sd_ADMET\_EXT\_Hepatotoxic\_Applicability,s_sd_ADMET\_EXT\_PPB\_Applicability,i_m_ct_format,b_sd_chiral_flag,s_sd_TOPKAT\_WOE\_Prediction,i_i_glide_lignum,r_epik_Charging_Adjusted_Penalty,i_sd_version,r_sd_ADMET\_EXT\_Hepatotoxic\_Applicability%23MD,s_vsw_variant,s_sd_ADMET\_EXT\_Hepatotoxic%23Prediction,s_i_glide_gridfile,i_i_glide_confnum,s_sd_ADMET\_EXT\_PPB%23Prediction,s_sd_Chemical\_Name,s_epik_cmdline,r_sd_TOPKAT\_Ames\_Score,i_sd_ADMET\_BBB\_Level,s_sd_IDNUMBER,s_sd_Collection,s_sd_TOPKAT\_WOE\_Applicability,i_sd_RotBonds,r_i_glide_gscore,r_i_glide_emodel,r_sd_ADMET\_EXT\_CYP2D6\_Applicability%23MDpvalue,r_sd_ADMET\_EXT\_CYP2D6\_Applicability%23MD,r_i_glide_ecoul,i_i_glide_rotatable_bonds,s_sd_LCTNUMBER,r_i_glide_eff_state_penalty,r_sd_ADMET\_EXT\_PPB\_Applicability%23MD,s_sd_TOPKAT\_Ames\_Applicability,r_sd_TOPKAT\_WOE\_Probability,r_sd_TOPKAT\_Ames\_Probability,r_sd_TOPKAT\_Ames\_Enrichment,r_sd_FSP3,i_m_source_file_index,i_sd_ADMET\_Unknown\_AlogP98,r_sd_HAC,s_m_title,r_i_docking_score,s_sd_Description,r_sd_ADMET\_EXT\_CYP2D6,b_lp_Chiralities_Consistent,r_sd_ADMET\_EXT\_Hepatotoxic,i_sd_Acceptor,r_sd_ADMET\_AlogP98,r_sd_ADMET\_EXT\_PPB,i_f3d_flags,r_i_glide_ligand_efficiency_ln,r_sd_ADMET\_PSA\_2D,s_epik_input,r_epik_Ionization_Penalty,s_vsw_compound_code,r_glide_XP_GScore,s_sd_Name,i_epik_Tot_Q,r_sd_PriceCoeff,r_sd_ADMET\_Solubility,i_i_glide_posenum,r_sd_TPSA,s_lp_Force_Field,s_m_source_file,r_lp_tautomer_probability,i_sd_ADMET\_Absorption\_Level,r_sd_clogP,s_sd_TOPKAT\_Ames\_Prediction,r_lp_Energy,r_epik_Ionization_Penalty_Charging,r_sd_ADMET\_EXT\_Hepatotoxic\_Applicability%23MDpvalue,s_sd_ADMET\_EXT\_CYP2D6%23Prediction,i_sd_Donor,s_sd_ADMET\_EXT\_CYP2D6\_Applicability,i_sd_ADMET\_Solubility\_Level,r_i_glide_ligand_efficiency,r_sd_MW,s_sd_CAS,r_sd_ADMET\_EXT\_PPB\_Applicability%23MDpvalue,i_lp_mmshare_version,s_lp_Variant,r_i_glide_evdw,r_sd_TOPKAT\_WOE\_Score,r_epik_State_Penalty,i_glide_XP_PoseRank
2,,-1.14780731085546,-0.362,1,-60.3699722290039,693_sdstereoexpander_1_neutralizer_1_epik_1_stereoizer_1,-1.58499203400576,0.0,0.423397614634227,1.59920358657837,1_R_3_2_7_51,All properties and OPS components are within expected ranges.,All properties and OPS components are within expected ranges.,2,1,Non-Carcinogen,99,0.252576696161912,0,13.5238849721902,693-1,false,glide-grid_1,1,true,"(2,3-dihydrobenzo[b][1,4]dioxin-2-yl)(4-(((2-methylpyridin-4-yl)oxy)methyl)piperidin-1-yl)methanone",J2VwaWtfcHl0aG9uJywgJy1waCcsICc3LjAwMDAwMCcsICctcGh0JywgJzIuMDAwMDAwJywgJy1tcycsICcxNicsICctdG4nLCAnOCcsICctbWEnLCAnMjAwJywgJy1pbWFlJywgJzxpbmZpbGUubWFlPicsICctb21hZScsICc8b3V0ZmlsZS5tYWU+Jw==,-13.2649039890709,2,F6676-1031,Advanced,"All properties and OPS components are within expected ranges.
.
.
.
.
.
.",5,-10.4512658090481,-94.7484216092842,9.89217494189876e-05,13.4670022390323,-15.4959487915039,5,LCT14904,0.121,13.4603934198807,"All properties and OPS components are within expected ranges.
.
.",0.218004729237198,0.235773506101457,0.422251955749928,0.43000001,693,0,27.0,F6676-1031,-10.3302658090481,oil,-8.41547105292288,1,-7.96323888235813,5,2.331,8.37022038189416,0,-2.40471557260426,58.704,W2NIXTFbY0hdW2NIXVtjSF1jKGMxMilPW0NIMl1bQ0BASF0oTzIpQyg9TylOM1tDSDJdW0NIMl1bQ0hdKFtDSDJdW0NIMl0zKVtDSDJdT2MoW2NIXTQpW2NIXVtjSF1uYzRbQ0gzXQ==,0.1316,693,-10.4512658090481,F6676-1031,1,1.5,-3.582,3,60.889999,OPLS_2005,vsw_4-LIGPREP-001-in.maegz,1.0,0,3.1099999,Non-Mutagen,43.8957967891881,0.1316,1.28395447087246e-07,false,1,All properties and OPS components are within expected ranges.,3,-0.382602437372151,368.42999,,0.0010292894969208,40011,F6676-1031-1,-44.8740234375,-11.198190517698,0.121,1
2,,-1.12768407670838,-1.132,0,-58.8170595169067,125_sdstereoexpander_1_neutralizer_1_epik_1_stereoizer_1,-0.0877064637016731,0.006,0.553498420078379,8.64110374450684,,All properties and OPS components are within expected ranges.,All properties and OPS components are within expected ranges.,2,0,Non-Carcinogen,18,0.00437314277493018,0,11.7051462466127,125-1,true,glide-grid_1,1,true,"N-((2-(2-oxopyrrolidin-1-yl)pyridin-4-yl)methyl)-2,3-dihydrobenzofuran-5-sulfonamide",J2VwaWtfcHl0aG9uJywgJy1waCcsICc3LjAwMDAwMCcsICctcGh0JywgJzIuMDAwMDAwJywgJy1tcycsICcxNicsICctdG4nLCAnOCcsICctbWEnLCAnMjAwJywgJy1pbWFlJywgJzxpbmZpbGUubWFlPicsICctb21hZScsICc8b3V0ZmlsZS5tYWU+Jw==,-14.3171698556246,3,F6562-2852,Advanced,"All properties and OPS components are within expected ranges.
.
.
.
.
.
.",5,-9.90138732056792,-88.0714966110294,9.63886378061357e-07,15.287394268177,-8.46692752838135,5,LCT12839,0.0044,12.5529547401119,"All properties and OPS components are within expected ranges.
.
.",0.284992803529718,0.193604573664517,0.346730687530241,0.33000001,125,0,26.0,F6562-2852,-9.89698732056792,solid,-14.4930550659416,1,-2.45338704546608,5,1.353,2.73318938301238,0,-2.32427499757122,88.256,W0NIMl0xW0NIMl1PYyhjMTIpW2NIXVtjSF1jKFtjSF0yKVMoPU8pKD1PKVtOSF1bQ0gyXWMoW2NIXTMpW2NIXVtjSF1uYzNONEMoPU8pW0NIMl1bQ0gyXVtDSDJdNA==,0.006,125,-9.90138732056792,F6562-2852,0,1.5,-3.199,2,96.980003,OPLS_2005,vsw_4-LIGPREP-001-in.maegz,1.0,0,1.5599999,Non-Mutagen,39.3340923407119,0.0,0.00052037982748606,false,2,All properties and OPS components are within expected ranges.,3,-0.380653358483381,373.42999,2034339-96-1,0.0229965013177352,40011,F6562-2852-1,-50.3501319885254,-8.01271315297087,0.0044,1
2,,-1.0370331650765,-0.938,0,-53.5928320884705,138_sdstereoexpander_1_neutralizer_1_epik_1_stereoizer_1,-0.975443518510935,0.0,0.543055675018213,4.07398080825806,,"All properties and OPS components are within expected ranges.
Unknown FCFP_2 feature: 179977000: [*][c]1:[*]:[*]:n:n:1[c](:[*]):[*]
Unknown FCFP_2 feature: 819593896: [*]:n:[c](n(:[*]):[*]):c:[*]",All properties and OPS components are within expected ranges.,2,0,Non-Carcinogen,19,0.0,0,11.790877393254,138-1,true,glide-grid_1,1,false,"1-(4-(6-(1H-1,2,4-triazol-1-yl)pyrimidin-4-yl)piperazin-1-yl)-2-(1H-indol-3-yl)ethan-1-one",J2VwaWtfcHl0aG9uJywgJy1waCcsICc3LjAwMDAwMCcsICctcGh0JywgJzIuMDAwMDAwJywgJy1tcycsICcxNicsICctdG4nLCAnOCcsICctbWEnLCAnMjAwJywgJy1pbWFlJywgJzxpbmZpbGUubWFlPicsICctb21hZScsICc8b3V0ZmlsZS5tYWU+Jw==,-14.2974885609528,3,F6469-2370,Advanced,"All properties and OPS components are within expected ranges.
Unknown SCFP_2 feature: -56048396: [*]:[c](:[*])n1:n:[*]:[*]:c:1
Unknown SCFP_2 feature: 1076712580: [*]:n:[c](n(:[*]):[*]):c:[*]
.
.
.
.",5,-9.78869157293404,-87.3850708007813,8.44033142299902e-05,13.5318427904049,-5.25787496566772,5,LCT01779,-0.0,15.6625749266993,"All properties and OPS components are within expected ranges.
.
.",0.279615900754058,0.194353702959273,0.348072319654437,0.25,138,0,29.0,F6469-2370,-9.78869157293404,solid,-10.380347652555,1,-0.632776900197689,5,2.043,-4.84313587074766,0,-2.2413621504006,89.453,W2NIXTFuW2NIXW5uMS1jMltjSF1jKG5bY0hdbjIpTihbQ0gyXVtDSDJdMylbQ0gyXVtDSDJdTjNDKD1PKVtDSDJdYzRbY0hdW25IXWMoYzQ1KVtjSF1bY0hdW2NIXVtjSF01,0.0,138,-9.78869157293404,F6469-2370,0,1.5,-3.978,4,95.830002,OPLS_2005,vsw_4-LIGPREP-001-in.maegz,1.0,0,0.57999998,Non-Mutagen,40.7331858997753,0.0,0.000373345876761095,false,2,"All properties and OPS components are within expected ranges.
Unknown FCFP_2 feature: 819593896: [*]:n:[c](n(:[*]):[*]):c:[*]",3,-0.337541088721864,388.42999,1795296-90-0,1.38268541937547e-08,40011,F6469-2370-1,-48.3349571228027,-8.26995268762518,-0.0,1
2,,-1.07348472011127,-0.677,1,-58.488823890686,682_sdstereoexpander_2_neutralizer_1_epik_1_stereoizer_1,-1.33,0.0025,0.506026580591672,0.550232529640198,3_R_5_6_13_49,All properties and OPS components are within expected ranges.,All properties and OPS components are within expected ranges.,2,1,Non-Carcinogen,98,0.00170526961558231,0,11.2143741217681,682-2,false,glide-grid_1,1,true,1-(4-chlorophenyl)-4-(4-(1-methyl-1H-imidazol-2-yl)piperazine-1-carbonyl)pyrrolidin-2-one hydrochloride,J2VwaWtfcHl0aG9uJywgJy1waCcsICc3LjAwMDAwMCcsICctcGh0JywgJzIuMDAwMDAwJywgJy1tcycsICcxNicsICctdG4nLCAnOCcsICctbWEnLCAnMjAwJywgJy1pbWFlJywgJzxpbmZpbGUubWFlPicsICctb21hZScsICc8b3V0ZmlsZS5tYWU+Jw==,-12.18086213748,3,F5095-0128,Advanced,"OPS PC20 out of range. Value: 3.9988. Training min, max, SD, explained variance: -2.4327, 3.0557, 0.8804, 0.0158.
.
.
.
.
.
.",4,-9.66306249161549,-87.3406808937118,0.00212811366653059,12.149723654787,-15.3029642105103,4,LCT03516,0.0017,14.3958122559195,"All properties and OPS components are within expected ranges.
.
.",0.260549856389755,0.283092052874409,0.506995781502452,0.41999999,682,0,27.0,F5095-0128,-9.66136249161549,solid,-7.71833263918087,1,-6.89526671880611,3,1.444,5.60440482512187,0,-2.249005908039,61.268,bjFbY0hdW2NIXW4oW0NIM10pYzFOMltDSDJdW0NIMl1OKFtDSDJdW0NIMl0yKUMoPU8pW0NASF0oW0NIMl0zKVtDSDJdQyg9TylOM2M0W2NIXVtjSF1jKENsKVtjSF1bY0hdNA==,0.0025,682,-9.66306249161549,F5095-0128,1,1.5,-3.065,19,61.68,OPLS_2005,vsw_4-LIGPREP-001-in.maegz,0.999999981123,0,3.3699999,Non-Mutagen,66.2209151656645,0.0,0.00306549180172836,false,2,"All properties and OPS components are within expected ranges.
Unknown FCFP_2 feature: -1410079687: [*]O[c](:n:[*]):n:[*]",3,-0.357828240430203,387.85999,1189946-31-3,1.59663813263885e-05,40011,F5095-0128-2,-43.1858596801758,-9.25373667641987,0.0017,1
2,,-1.00601224736457,-0.682,0,-51.0399551391602,525_sdstereoexpander_2_neutralizer_1_epik_1_stereoizer_1,-0.65808480205685,0.0,0.487133488303014,6.63584423065186,4_S_6_5_20_45,All properties and OPS components are within expected ranges.,All properties and OPS components are within expected ranges.,2,1,Non-Carcinogen,72,0.0,0,11.5751345848559,525-2,false,glide-grid_1,1,true,"4-(2,3-dihydro-1,4-benzodioxine-2-carbonyl)-1-[2-(trifluoromethyl)pyridin-4-yl]piperazin-2-one",J2VwaWtfcHl0aG9uJywgJy1waCcsICc3LjAwMDAwMCcsICctcGh0JywgJzIuMDAwMDAwJywgJy1tcycsICcxNicsICctdG4nLCAnOCcsICctbWEnLCAnMjAwJywgJy1pbWFlJywgJzxpbmZpbGUubWFlPicsICctb21hZScsICc8b3V0ZmlsZS5tYWU+Jw==,-15.3051629551889,3,F6680-2512,Advanced,"All properties and OPS components are within expected ranges.
.
.
.
.
.
.",3,-9.49588107658984,-78.115852355957,2.8157705016122e-06,14.8760061708468,-6.89752578735352,4,LCT15685,-0.0,16.0840366028672,"All properties and OPS components are within expected ranges.
.
.",0.25082192376453,0.158126843080175,0.283192839819899,0.31999999,525,0,-2.6800001,F6680-2512,-9.49588107658984,solid,-8.29607201786657,1,-9.79782992742579,5,1.898,8.29954099288968,0,-2.17431597177131,70.427,W2NIXTFbY0hdbmMoQyhGKShGKUYpW2NIXWMxTjJDKD1PKVtDSDJdTihbQ0gyXVtDSDJdMilDKD1PKVtDQEhdKE8zKVtDSDJdT2MoYzM0KVtjSF1bY0hdW2NIXVtjSF00,0.0,525,-9.49588107658984,F6680-2512,0,1.5,-3.638,1,71.970001,OPLS_2005,vsw_4-LIGPREP-001-in.maegz,1.0,0,3.4400001,Non-Mutagen,47.9454025175216,0.0,0.000850397169053073,false,1,All properties and OPS components are within expected ranges.,3,-0.327444175054822,407.34,,9.55255118511484e-10,40011,F6680-2512-2,-44.1424293518066,-9.80723974672728,-0.0,1
2,,-1.04854533301286,-0.839,1,-50.8658237457275,357_sdstereoexpander_1_neutralizer_1_epik_1_stereoizer_1,-0.948558760672732,0.0,0.55954532616174,4.35365867614746,,"All properties and OPS components are within expected ranges.
Unknown FCFP_2 feature: 1018852919: O=S1(=O)C[*][*]C1",All properties and OPS components are within expected ranges.,2,0,Non-Carcinogen,47,0.100420184692063,0,11.5099089651715,357-1,false,glide-grid_1,1,false,"1-(4-(1,1-dioxidotetrahydro-2H-thiopyran-4-yl)piperazin-1-yl)-3-(1H-indol-3-yl)propan-1-one",J2VwaWtfcHl0aG9uJywgJy1waCcsICc3LjAwMDAwMCcsICctcGh0JywgJzIuMDAwMDAwJywgJy1tcycsICcxNicsICctdG4nLCAnOCcsICctbWEnLCAnMjAwJywgJy1pbWFlJywgJzxpbmZpbGUubWFlPicsICctb21hZScsICc8b3V0ZmlsZS5tYWU+Jw==,-12.56513645657,3,F6524-6248,Advanced,"All properties and OPS components are within expected ranges.
Unknown SCFP_2 feature: -502327046: O=S1(=O)C[*][*]C1
.
.
.
.
.",5,-9.48330800748321,-73.5666869643711,0.00174899124500921,12.2386905724585,-8.1082820892334,5,LCT12035,0.0464,13.5649769778048,"All properties and OPS components are within expected ranges.
.
.",0.288106316874768,0.265937584772265,0.47627346742335,0.55000001,357,0,27.0,F6524-6248,-9.43690800748321,solid,-8.07235946960295,1,-6.91737351016816,3,1.555,-11.3409557945056,0,-2.19675660455438,73.662,Tz1TMSg9TylbQ0gyXVtDSDJdW0NIXShbQ0gyXVtDSDJdMSlOKFtDSDJdW0NIMl0yKVtDSDJdW0NIMl1OMkMoPU8pW0NIMl1bQ0gyXWMzW2NIXVtuSF1jKGMzNClbY0hdW2NIXVtjSF1bY0hdNA==,0.054,357,-9.48330800748321,F6524-6248,1,1.5,-3.402,110,81.860001,OPLS_2005,vsw_4-LIGPREP-001-in.maegz,,0,-0.12,Non-Mutagen,40.420985762029,0.054,0.00108181035923173,false,2,All properties and OPS components are within expected ranges.,3,-0.349515111388267,389.51001,1904187-06-9,0.00067721804445794,40011,F6524-6248-1,-42.7575416564941,-7.86730206682514,0.0464,1
2,,-1.10155787304574,-1.018,0,-49.5206274986267,462_sdstereoexpander_1_neutralizer_1_epik_1_stereoizer_1,-1.23434621824883,0.0,0.503700752612336,9.55463790893555,5_R_1_12_9_44,All properties and OPS components are within expected ranges.,All properties and OPS components are within expected ranges.,2,1,Non-Carcinogen,66,0.0,0,10.4105523386892,462-1,true,glide-grid_1,1,false,N-(3-(3-fluorophenyl)-2-(2-oxopyrrolidin-1-yl)propyl)pyrazine-2-carboxamide,J2VwaWtfcHl0aG9uJywgJy1waCcsICc3LjAwMDAwMCcsICctcGh0JywgJzIuMDAwMDAwJywgJy1tcycsICcxNicsICctdG4nLCAnOCcsICctbWEnLCAnMjAwJywgJy1pbWFlJywgJzxpbmZpbGUubWFlPicsICctb21hZScsICc8b3V0ZmlsZS5tYWU+Jw==,-13.4283423488139,3,F6100-0238,Advanced,"All properties and OPS components are within expected ranges.
.
.
.
.
.
.",6,-9.41818734400809,-75.9183349609375,2.35611552151399e-08,16.6891420125609,-7.61454153060913,7,LCT10351,-0.0,13.4014605728825,"All properties and OPS components are within expected ranges.
.
.",0.259352302408905,0.228955479834641,0.41004140260882,0.33000001,462,0,25.0,F6100-0238,-9.41818734400809,oil,-9.11446230158498,1,-3.895315380695,4,0.958,-3.37756017779468,0,-2.23239264082922,73.286,W2NIXTFbY0hdW2NIXWMoRilbY0hdYzFbQ0gyXVtDQEBIXShOMkMoPU8pW0NIMl1bQ0gyXVtDSDJdMilbQ0gyXVtOSF1DKD1PKWMzbltjSF1bY0hdbltjSF0z,0.0,462,-9.41818734400809,F6100-0238,0,1.5,-2.333,1,75.190002,OPLS_2005,vsw_4-LIGPREP-001-in.maegz,1.0,0,1.6799999,Non-Mutagen,41.7027494298112,0.0,0.0339893104620435,false,1,All properties and OPS components are within expected ranges.,3,-0.376727493760324,342.37,1421459-57-5,0.00129611751467471,40011,F6100-0238-1,-41.9060859680176,-9.31978144201316,-0.0,1
2,,-1.12780631645003,-0.803,0,-50.5077304840088,501_sdstereoexpander_1_neutralizer_1_epik_1_stereoizer_1,-1.15245585565202,0.0,0.567032232530694,2.66496086120605,,All properties and OPS components are within expected ranges.,All properties and OPS components are within expected ranges.,2,0,Non-Carcinogen,70,0.015033470037562,0,12.2600488485443,501-1,true,glide-grid_1,1,true,"6-(3-(3-chlorophenyl)propanoyl)-2-oxo-1,2,5,6,7,8-hexahydro-1,6-naphthyridine-3-carbonitrile",J2VwaWtfcHl0aG9uJywgJy1waCcsICc3LjAwMDAwMCcsICctcGh0JywgJzIuMDAwMDAwJywgJy1tcycsICcxNicsICctdG4nLCAnOCcsICctbWEnLCAnMjAwJywgJy1pbWFlJywgJzxpbmZpbGUubWFlPicsICctb21hZScsICc8b3V0ZmlsZS5tYWU+Jw==,-15.4590502242778,3,F6472-6153,Advanced,"All properties and OPS components are within expected ranges.
.
.
.
.
.
.",4,-9.39022670747451,-75.2488615459832,0.00216269690619225,12.142375859446,-8.33915901184082,5,LCT10984,0.0065,14.6455941515576,"All properties and OPS components are within expected ranges.
.
.",0.291961277175379,0.15298991840839,0.27399300848572,0.28,501,0,24.0,F6472-6153,-9.38372670747451,solid,-4.96124895532102,1,-2.85275954121416,3,1.674,-0.86126001953357,0,-2.24595639225956,73.699,TiNDYyhbY0hdMSljKD1PKVtuSF1jKGMxMilbQ0gyXVtDSDJdTihbQ0gyXTIpQyg9TylbQ0gyXVtDSDJdYyhbY0hdYzNDbClbY0hdW2NIXVtjSF0z,0.0086,501,-9.39022670747451,F6472-6153,0,1.5,-3.063,1,73.199997,OPLS_2005,vsw_4-LIGPREP-001-in.maegz,,0,0.63,Non-Mutagen,28.2461239237271,0.0086,5.42688775066063e-05,false,1,"OPS PC8 out of range. Value: 4.6617. Training min, max, SD, explained variance: -4.2516, 4.6021, 1.692, 0.0374.
Unknown FCFP_2 feature: 436975416: [*]NC(=C([*])[*])C",3,-0.390988612811438,341.79001,2034356-60-8,4.49513952589028e-06,40011,F6472-6153-1,-42.168571472168,-7.69066597419581,0.0065,1
2,45_ANS_30_39_42_46,-1.00101730770138,-1.483,1,-63.6477336883545,2_sdstereoexpander_1_neutralizer_1_epik_1_stereoizer_2,-0.654029855120686,0.0,0.437940068157047,6.42514133453369,6_ANS_13_16_19_58,All properties and OPS components are within expected ranges.,All properties and OPS components are within expected ranges.,2,0,Non-Carcinogen,1,0.00630684961171894,0,10.3705607666186,2-2,false,glide-grid_1,1,false,2-methoxy-5-(N-((1-(tetrahydro-2H-thiopyran-4-yl)piperidin-4-yl)methyl)sulfamoyl)benzamide,J2VwaWtfcHl0aG9uJywgJy1waCcsICc3LjAwMDAwMCcsICctcGh0JywgJzIuMDAwMDAwJywgJy1tcycsICcxNicsICctdG4nLCAnOCcsICctbWEnLCAnMjAwJywgJy1pbWFlJywgJzxpbmZpbGUubWFlPicsICctb21hZScsICc8b3V0ZmlsZS5tYWU+Jw==,-16.693792778207,3,F6454-2958,Advanced,"All properties and OPS components are within expected ranges.
.
.
.
.
.
.",7,-9.23285305906248,-92.0852508544922,8.90500822256625e-08,16.1897190357095,-22.4202709197998,7,LCT12483,0.0026,14.7681413940756,"OPS PC25 out of range. Value: 6.0901. Training min, max, SD, explained variance: -4.8336, 6.0458, 1.052, 0.0118.
.
.",0.225492545731926,0.115713388903892,0.207233652241211,0.63,2,0,28.0,F6454-2958,-9.23025305906248,solid,-11.6279621243376,1,-4.29642690251075,4,1.001,-4.82233987119861,0,-2.13061341803764,103.535,W0NIM11PYzFbY0hdW2NIXWMoW2NIXWMxQyg9TylbTkgyXSlTKD1PKSg9TylbTkhdW0NIMl1bQ0hdKFtDSDJdW0NIMl0yKVtDSDJdW0NIMl1OMltDSF0zW0NIMl1bQ0gyXVNbQ0gyXVtDSDJdMw==,0.0037,2,-9.23285305906248,F6454-2958,1,1.5,-3.311,1,135.41,OPLS_2005,vsw_4-LIGPREP-001-in.maegz,1.0,0,1.08,Non-Mutagen,38.44777834748,0.0037,0.0376637836906021,false,3,"OPS PC9 out of range. Value: 3.8672. Training min, max, SD, explained variance: -4.6974, 3.8454, 1.569, 0.0322.",3,-0.329651894966517,427.57999,2034617-86-0,2.35920645014717e-06,40011,F6454-2958-2,-41.2274627685547,-10.8774061654483,0.0026,1
2,3_R_9_18_28_49,-1.10837454067141,-1.359,1,-58.1950511932373,272_sdstereoexpander_1_neutralizer_1_epik_1_stereoizer_1,-0.35,0.0,0.502361229041817,3.48035883903503,35_S_38_18_32_48,All properties and OPS components are within expected ranges.,All properties and OPS components are within expected ranges.,2,1,Non-Carcinogen,40,0.0130827783420933,0,10.6345373255861,272-1,true,glide-grid_1,1,true,1-(3-((4-(3-hydroxypyrrolidin-1-yl)piperidin-1-yl)sulfonyl)phenyl)ethan-1-one,J2VwaWtfcHl0aG9uJywgJy1waCcsICc3LjAwMDAwMCcsICctcGh0JywgJzIuMDAwMDAwJywgJy1tcycsICcxNicsICctdG4nLCAnOCcsICctbWEnLCAnMjAwJywgJy1pbWFlJywgJzxpbmZpbGUubWFlPicsICctb21hZScsICc8b3V0ZmlsZS5tYWU+Jw==,-15.4437408841776,3,F6442-7768,Advanced,"All properties and OPS components are within expected ranges.
.
.
.
.
.
.",4,-9.2276478175021,-78.6852452373531,1.41030023113902e-06,15.1418173420494,-22.0778293609619,5,LCT10669,0.0056,12.9116622720786,"All properties and OPS components are within expected ranges.
.
.",0.258662590272595,0.153496142727192,0.274899616748017,0.58999997,272,0,24.0,F6442-7768,-9.22204781750211,solid,-10.8927092143982,1,-0.903836860445508,4,0.167,1.35081969795836,0,-2.20725921492833,79.422,W2NIXTFbY0hdW2NIXWMoQyg9TylbQ0gzXSlbY0hdYzFTKD1PKSg9TylOMltDSDJdW0NIMl1bQ0hdKFtDSDJdW0NIMl0yKU4zW0NIMl1bQ0BASF0oW09IXSlbQ0gyXVtDSDJdMw==,0.0075,272,-9.2276478175021,F6442-7768,1,1.5,-1.603,16,86.300003,OPLS_2005,vsw_4-LIGPREP-001-in.maegz,0.99995,0,0.31,Non-Mutagen,32.3736910291323,0.0075,0.0185533375246158,false,2,All properties and OPS components are within expected ranges.,4,-0.384251992395921,352.45001,1448030-45-2,0.00755281730488521,40011,F6442-7768-1,-36.1172218322754,-9.35807371102947,0.0056,1
2,,-1.17198809042,-0.527,0,-47.6128940582275,614_sdstereoexpander_1_neutralizer_1_epik_1_stereoizer_1,-1.33,0.0002,0.540230296032189,3.86844563484192,,All properties and OPS components are within expected ranges.,All properties and OPS components are within expected ranges.,2,0,Non-Carcinogen,88,0.0,0,12.2736498770003,614-1,false,glide-grid_1,1,false,"3-cyclopentyl-N-(5-oxo-2,3,4,5-tetrahydrobenzo[f][1,4]oxazepin-7-yl)propanamide",J2VwaWtfcHl0aG9uJywgJy1waCcsICc3LjAwMDAwMCcsICctcGh0JywgJzIuMDAwMDAwJywgJy1tcycsICcxNicsICctdG4nLCAnOCcsICctbWEnLCAnMjAwJywgJy1pbWFlJywgJzxpbmZpbGUubWFlPicsICctb21hZScsICc8b3V0ZmlsZS5tYWU+Jw==,-19.1804195751086,3,F2276-0318,Advanced,"All properties and OPS components are within expected ranges.
.
.
.
.
.
.",4,-9.20177591146644,-66.7967192746604,5.28937350196487e-11,18.9756596578939,-6.88027763366699,5,LCT01266,-0.0,12.6136856362019,"All properties and OPS components are within expected ranges.
.
.",0.278161131148489,0.0612946230440533,0.109773888021875,0.52999997,614,0,22.0,F2276-0318,-9.20177591146644,solid,-9.26946047345187,1,-5.65085775314038,3,2.332,-7.08700344148496,0,-2.24924967569397,69.152,Tz1DMVtOSF1bQ0gyXVtDSDJdT2MoYzEyKVtjSF1bY0hdYyhbY0hdMilbTkhdQyg9TylbQ0gyXVtDSDJdW0NIXTNbQ0gyXVtDSDJdW0NIMl1bQ0gyXTM=,0.0002,614,-9.20177591146644,F2276-0318,0,1.5,-3.467,1,67.43,OPLS_2005,vsw_4-LIGPREP-001-in.maegz,1.0,0,2.77,Non-Mutagen,50.5259350502793,0.0,5.11783054146647e-05,false,2,All properties and OPS components are within expected ranges.,3,-0.418262541430293,302.37,922002-52-6,0.0192508897625672,40011,F2276-0318-1,-40.7326164245605,-8.3409473178803,-0.0,1
2,14_S_25_4_19_43,-1.10284899858706,-0.96,0,-52.9698667526245,59_sdstereoexpander_3_neutralizer_1_epik_1_stereoizer_1,-1.4798542697629,0.0,0.519294350571539,9.51759433746338,1_R_2_3_10_42,All properties and OPS components are within expected ranges.,"OPS PC39 out of range. Value: -3.2651. Training min, max, SD, explained variance: -3.0129, 2.8984, 0.924, 0.0070.",2,1,Non-Carcinogen,8,0.0,0,13.1329171837072,59-3,false,glide-grid_1,1,true,"N-(2-(2-hydroxyethoxy)-2-(thiophen-2-yl)ethyl)-2,3-dihydrobenzo[b][1,4]dioxine-2-carboxamide",J2VwaWtfcHl0aG9uJywgJy1waCcsICc3LjAwMDAwMCcsICctcGh0JywgJzIuMDAwMDAwJywgJy1tcycsICcxNicsICctdG4nLCAnOCcsICctbWEnLCAnMjAwJywgJy1pbWFlJywgJzxpbmZpbGUubWFlPicsICctb21hZScsICc8b3V0ZmlsZS5tYWU+Jw==,-12.6314718234789,3,F6571-3797,Advanced,"All properties and OPS components are within expected ranges.
.
.
.
.
.
.",7,-9.17607345464046,-74.5434921560948,0.000166841739893759,13.2516593607459,-10.8269987106323,9,,-0.0,14.0283308407548,"All properties and OPS components are within expected ranges.
.
.",0.267381346464495,0.263015613789792,0.471040445348924,0.34999999,59,0,24.0,F6571-3797,-9.17607345464046,solid,-3.07078122179937,1,-5.34573355310827,5,1.372,2.57743627428343,0,-2.19625544026949,77.716,W2NIXTFbY0hdW2NIXVtjSF1jKGMxMilPW0NIMl1bQ0BASF0oTzIpQyg9TylbTkhdW0NIMl1bQ0BASF0oT1tDSDJdW0NIMl1bT0hdKWMzc1tjSF1bY0hdW2NIXTM=,0.0,59,-9.17607345464046,F6571-3797,0,1.5,-2.378,9,105.26,OPLS_2005,vsw_4-LIGPREP-001-in.maegz,1.0,0,1.73,Non-Mutagen,12.7205177454079,0.0,9.4266848733998e-07,false,2,"OPS PC18 out of range. Value: 3.0007. Training min, max, SD, explained variance: -2.6373, 2.9771, 1.094, 0.0157.",3,-0.382336393943353,349.39999,2034467-91-7,9.17206796701913e-05,40011,F6571-3797-3,-42.1428680419922,-8.8872166727209,-0.0,1
