r_i_glide_rewards,i_m_ct_enhanced_stereo_status,i_sd_h\_bond\_donors,r_i_glide_ligand_efficiency_sa,r_sd_ADMET\_BBB,i_epik_Tot_abs_Q,r_i_glide_energy,s_lp_label,r_sd_c\_log\_p,r_i_glide_hbond,r_epik_Ionization_Penalty_Neutral,r_sd_TOPKAT\_WOE\_Enrichment,r_i_glide_einternal,s_st_Chirality_3,r_i_glide_metal,s_sd_MF,s_sd_ADMET\_EXT\_Hepatotoxic\_Applicability,r_sd_MWt,s_sd_ADMET\_EXT\_PPB\_Applicability,i_sd_rotatable\_bonds,i_m_ct_format,b_sd_chiral_flag,s_sd_purity,s_epik_Chemistry_Notes,r_sd_logP(o/w),s_sd_TOPKAT\_WOE\_Prediction,i_i_glide_lignum,r_epik_Charging_Adjusted_Penalty,s_sd_ADMET\_EXT\_PPB%23Prediction,r_sd_ADMET\_EXT\_Hepatotoxic\_Applicability%23MD,s_vsw_variant,s_sd_ADMET\_EXT\_Hepatotoxic%23Prediction,s_i_glide_gridfile,i_i_glide_confnum,i_sd_version,r_i_glide_esite,s_epik_cmdline,r_sd_TOPKAT\_Ames\_Score,s_sd_product\_name,i_sd_ADMET\_BBB\_Level,s_sd_TOPKAT\_WOE\_Applicability,r_i_glide_gscore,r_i_glide_emodel,r_sd_ADMET\_EXT\_CYP2D6\_Applicability%23MDpvalue,r_sd_ADMET\_EXT\_CYP2D6\_Applicability%23MD,s_sd_code,r_i_glide_ecoul,i_i_glide_rotatable_bonds,r_i_glide_eff_state_penalty,r_sd_ADMET\_EXT\_PPB\_Applicability%23MD,s_sd_TOPKAT\_Ames\_Applicability,r_sd_TOPKAT\_WOE\_Probability,r_sd_TOPKAT\_Ames\_Probability,r_sd_PARENT\_MW,r_sd_TOPKAT\_Ames\_Enrichment,s_st_Chirality_2,i_sd_ADMET\_Unknown\_AlogP98,s_m_title,r_i_docking_score,i_m_source_file_index,r_sd_ADMET\_EXT\_CYP2D6,s_st_Chirality_1,b_lp_Chiralities_Consistent,r_sd_ADMET\_EXT\_Hepatotoxic,r_i_glide_lipo,r_sd_ADMET\_AlogP98,r_sd_ADMET\_EXT\_PPB,i_f3d_flags,r_i_glide_ligand_efficiency_ln,r_sd_ADMET\_PSA\_2D,s_epik_input,r_epik_Ionization_Penalty,s_sd_acd\_code,i_sd_FLEXIBILITY,s_vsw_compound_code,s_sd_salts,s_sd_Name,r_i_glide_erotb,i_epik_Tot_Q,r_sd_ADMET\_Solubility,i_sd_h\_bond\_acceptors,i_i_glide_posenum,s_sd_casno,s_lp_Force_Field,s_m_source_file,r_lp_tautomer_probability,i_sd_ADMET\_Absorption\_Level,s_sd_TOPKAT\_Ames\_Prediction,i_sd_hetero\_atom\_no,r_lp_Energy,i_sd_b\_rotN,r_epik_Ionization_Penalty_Charging,s_st_EZ_1,r_sd_ADMET\_EXT\_Hepatotoxic\_Applicability%23MDpvalue,s_sd_ADMET\_EXT\_CYP2D6%23Prediction,s_sd_ADMET\_EXT\_CYP2D6\_Applicability,i_sd_ADMET\_Solubility\_Level,r_i_glide_ligand_efficiency,r_sd_PSA,r_sd_ADMET\_EXT\_PPB\_Applicability%23MDpvalue,i_lp_mmshare_version,s_lp_Variant,r_i_glide_evdw,r_sd_TOPKAT\_WOE\_Score,r_epik_State_Penalty
-1.16780975643368,2,2,-1.00787235528424,-1.027,1,-69.0092811584473,73_sdstereoexpander_1_neutralizer_1_epik_1_stereoizer_1,2.79,-0.42471691886627,0.334,0.399054256108787,9.13152694702148,,-0.0,C19 H19 Cl N4 O3 S,All properties and OPS components are within expected ranges.,418.90302,All properties and OPS components are within expected ranges.,8,2,0,TECH,,2.7279999,Non-Carcinogen,39,0.318862946866526,true,12.8902056726461,73-1,true,glide-grid_1,85,0,-0.303408311712975,J2VwaWtfcHl0aG9uJywgJy1waCcsICc3LjAwMDAwMCcsICctcGh0JywgJzIuMDAwMDAwJywgJy1tcycsICcxNicsICctdG4nLCAnOCcsICctbWEnLCAnMjAwJywgJy1pbWFlJywgJzxpbmZpbGUubWFlPicsICctb21hZScsICc8b3V0ZmlsZS5tYWU+Jw==,-18.0872396132354,N1-[3-(1H-imidazol-1-yl)propyl]-2-{[(4-chlorophenyl)sulfonyl]amino}benzamide,3,"All properties and OPS components are within expected ranges.
.
.
.
.
.
.
.",-9.61236257945238,-114.180062112034,1.76963471516105e-06,15.0547612812495,BTB04309,-21.7300682067871,9,0.3189,14.3512695431677,"All properties and OPS components are within expected ranges.
.
.
.",0.205470489315588,0.0819883962699653,418.89999,0.146834821461643,,0,BTB04309,-9.29346257945238,73,-10.1797929365817,,1,2.96386566653979,-2.99075657837892,1.994,8.54831185152336,0,-2.14520403125579,94.132,W2NIXTFbY0hdYyhDbClbY0hdW2NIXWMxUyg9TykoPU8pW05IXWMyYyhbY0hdW2NIXVtjSF1bY0hdMilDKD1PKVtOSF1bQ0gyXVtDSDJdW0NIMl1uM1tjSF1bY0hdbltjSF0z,0.334,MFCD00206022,3,73,,BTB04309,0.897799864540533,1,-3.242,7,359,,OPLS_2005,vsw_2-LIGPREP-001-in.maegz,1.0,0,Non-Mutagen,9,20.679095653786,9,0.0,,3.08049911100975e-06,false,All properties and OPS components are within expected ranges.,3,-0.331909377837585,93.089996,1.98828289125366e-05,40011,BTB04309-1,-47.2792129516602,-11.7534989180232,0.3189
-0.621356471633583,2,1,-0.899696226420809,-1.618,0,-72.5319080352783,13_sdstereoexpander_2_neutralizer_1_epik_1_stereoizer_1,1.2,-0.396944309182876,0.0,0.357492496734112,3.49267435073853,,-0.0,C21 H23 N3 O6 S,All properties and OPS components are within expected ranges.,445.49399,"OPS PC7 out of range. Value: 5.4396. Training min, max, SD, explained variance: -5.8187, 5.332, 1.977, 0.0323.",4,2,1,90%,,0.20999999,Non-Carcinogen,5,0.0,true,10.8246634237459,13-2,true,glide-grid_1,184,0,-0.245502911487312,J2VwaWtfcHl0aG9uJywgJy1waCcsICc3LjAwMDAwMCcsICctcGh0JywgJzIuMDAwMDAwJywgJy1tcycsICcxNicsICctdG4nLCAnOCcsICctbWEnLCAnMjAwJywgJy1pbWFlJywgJzxpbmZpbGUubWFlPicsICctb21hZScsICc8b3V0ZmlsZS5tYWU+Jw==,-22.6280795798131,"N-(4-{[4-(2,3-dihydro-1,4-benzodioxin-2-ylcarbonyl)piperazino]sulfonyl}phenyl)acetamide",3,"All properties and OPS components are within expected ranges.
.
.
.
.
.
.
.",-8.87844745263154,-112.323309233816,0.000475452714558928,12.8105770505216,HTS08798,-16.0232830047607,6,-0.0,13.2183017643293,"All properties and OPS components are within expected ranges.
.
.
.",0.184070604701394,0.0217549796002517,445.48999,0.0389614712670607,,0,HTS08798,-8.87844745263154,13,-18.9397927590975,32_R_33_34_29_54,1,-2.57694494684232,-2.88981420432071,0.721,7.7642150662772,0,-2.00236199230585,106.578,W0NIM11DKD1PKVtOSF1jKFtjSF1bY0hdMSlbY0hdW2NIXWMxUyg9TykoPU8pTihbQ0gyXVtDSDJdMilbQ0gyXVtDSDJdTjJDKD1PKVtDQEBIXShPMylbQ0gyXU9jKGMzNClbY0hdW2NIXVtjSF1bY0hdNA==,0.0,MFCD03086521,1,13,,HTS08798,0.504094146232927,0,-2.551,9,209,,OPLS_2005,vsw_2-LIGPREP-001-in.maegz,1.0,0,Non-Mutagen,10,37.5097675011951,6,0.0,,0.0106632539229877,false,All properties and OPS components are within expected ranges.,3,-0.28640153073005,105.25,0.00258750996466946,40011,HTS08798-2,-56.5086250305176,-12.7630443664193,-0.0
-2.14639755350884,2,0,-1.09775276497211,-0.75,0,-56.159496307373,188_sdstereoexpander_1_neutralizer_1_epik_1_stereoizer_1,2.0699999,-0.362227731814066,0.0,0.548269893994145,7.25533962249756,,-0.0,C16 H21 N O5 S,All properties and OPS components are within expected ranges.,339.41,All properties and OPS components are within expected ranges.,5,2,1,90%,This compound has an ester and may undergo hydrolysis at high or low pH.,1.138,Non-Carcinogen,93,0.0,true,11.3169274457201,188-1,true,glide-grid_1,106,0,-0.0145899904215969,J2VwaWtfcHl0aG9uJywgJy1waCcsICc3LjAwMDAwMCcsICctcGh0JywgJzIuMDAwMDAwJywgJy1tcycsICcxNicsICctdG4nLCAnOCcsICctbWEnLCAnMjAwJywgJy1pbWFlJywgJzxpbmZpbGUubWFlPicsICctb21hZScsICc8b3V0ZmlsZS5tYWU+Jw==,-15.9513385292495,"ethyl 1-(2,3-dihydro-1-benzofuran-5-ylsulfonyl)-3-piperidinecarboxylate",3,"OPS PC20 out of range. Value: 3.0637. Training min, max, SD, explained variance: -2.4327, 3.0557, 0.8804, 0.0158.
.
.
.
.
.
.
.",-8.87816265656172,-81.6783125316631,1.10876223932223e-06,15.2338887809531,HTS06912,-8.0383186340332,5,-0.0,12.5022560654001,"All properties and OPS components are within expected ranges.
.
.
.",0.282300668822517,0.137284162051997,339.41,0.245865224123194,,0,HTS06912,-8.87816265656172,188,-12.8342638031302,15_S_25_16_12_44,1,-4.05013475606437,-3.40024885849825,1.816,5.98763599829137,0,-2.14682023308477,73.115,TzFbQ0gyXVtDSDJdYyhjMTIpW2NIXWMoW2NIXVtjSF0yKVMoPU8pKD1PKU4zW0NIMl1bQ0gyXVtDSDJdW0NAQEhdKFtDSDJdMylDKD1PKU9bQ0gyXVtDSDNd,0.0,MFCD02679558,2,188,,HTS06912,0.657108156453009,0,-3.17,6,333,,OPLS_2005,vsw_2-LIGPREP-001-in.maegz,1.0,0,Non-Mutagen,7,15.8916176376844,5,0.0,,0.00215539313082254,false,All properties and OPS components are within expected ranges.,3,-0.386007072024423,72.910004,0.0265860903079825,40011,HTS06912-1,-48.1211776733398,-8.14051364015511,-0.0
-3.24311119118438,2,2,-1.12089211977347,-0.826,0,-44.3547368049622,172_sdstereoexpander_1_neutralizer_1_epik_1_stereoizer_1,1.8,-0.509018839305987,0.0008,0.448617494807717,4.49250173568726,,-0.0,C13 H15 F3 N2 O3 S,All properties and OPS components are within expected ranges.,336.332,All properties and OPS components are within expected ranges.,3,2,1,90%,,2.1947601,Non-Carcinogen,85,0.000538172128800919,true,8.94925648287278,172-1,false,glide-grid_1,8,0,-0.000676459893773135,J2VwaWtfcHl0aG9uJywgJy1waCcsICc3LjAwMDAwMCcsICctcGh0JywgJzIuMDAwMDAwJywgJy1tcycsICcxNicsICctdG4nLCAnOCcsICctbWEnLCAnMjAwJywgJy1pbWFlJywgJzxpbmZpbGUubWFlPicsICctb21hZScsICc8b3V0ZmlsZS5tYWU+Jw==,-19.9052121723851,N-(2-oxo-3-azepanyl)-3-(trifluoromethyl)benzenesulfonamide,3,"All properties and OPS components are within expected ranges.
.
.
.
.
.
.
.",-8.8010997598387,-65.8326476439824,0.15184990857035,9.81462736003229,SCR00983,-7.99279451370239,4,0.0005,12.5867712342072,"All properties and OPS components are within expected ranges.
.
.
.",0.230990284560569,0.0500682904312338,336.32999,0.0896684021254976,,0,SCR00983,-8.8005997598387,172,-9.3549468630562,4_R_5_19_13_37,1,-7.75162411843691,-2.53212314034122,1.795,-0.46451393535061,0,-2.15118759098047,77.522,W2NIXTFbY0hdW2NIXWMoQyhGKShGKUYpW2NIXWMxUyg9TykoPU8pW05IXVtDQEBIXTJbQ0gyXVtDSDJdW0NIMl1bQ0gyXVtOSF1DMj1P,0.0008,MFCD04123613,1,172,,SCR00983,0.500846162505004,0,-3.973,5,344,,OPLS_2005,vsw_2-LIGPREP-001-in.maegz,,0,Non-Mutagen,9,11.7470077812746,4,0.0,,0.48270779280421,false,All properties and OPS components are within expected ranges.,3,-0.40002726181085,75.269997,0.020840314735985,40011,SCR00983-1,-36.3619422912598,-10.6466608417419,0.0005
-2.84311850191377,2,2,-1.00003531566369,-1.115,0,-48.2827186584473,68_sdstereoexpander_1_neutralizer_1_epik_1_stereoizer_1,0.80000001,-0.834908699155219,0.0015,0.468613917629145,10.482852935791,,-0.0,C16 H18 F N5 O3,All properties and OPS components are within expected ranges.,347.34799,All properties and OPS components are within expected ranges.,5,2,1,90%,,0.23899999,Non-Carcinogen,35,0.00102090898116275,false,10.1922859016959,68-1,false,glide-grid_1,32,0,0.0,J2VwaWtfcHl0aG9uJywgJy1waCcsICc3LjAwMDAwMCcsICctcGh0JywgJzIuMDAwMDAwJywgJy1tcycsICcxNicsICctdG4nLCAnOCcsICctbWEnLCAnMjAwJywgJy1pbWFlJywgJzxpbmZpbGUubWFlPicsICctb21hZScsICc8b3V0ZmlsZS5tYWU+Jw==,-13.69288622758,"7-[3-(4-fluoroanilino)-2-hydroxypropyl]-1,3-dimethyl-3,7-dihydro-1H-purine-2,6-dione",3,"All properties and OPS components are within expected ranges.
.
.
.
.
.
.
.",-8.55118168723473,-69.4637292223972,0.00613788229106677,11.6528038394624,RJC03968,-9.95108032226563,6,0.001,13.5565771919033,"All properties and OPS components are within expected ranges.
.
.
.",0.241286315034581,0.218120149953029,347.35001,0.390636172100277,,0,RJC03968,-8.55018168723473,68,-7.05095223725254,19_R_28_9_25_43,1,-13.7965766399029,-2.09461245444315,1.576,-12.2245856378803,0,-2.02664928814345,91.541,Tz1jMW4oW0NIM10pYyg9TyluKFtDSDNdKWMoYzEyKW5bY0hdbjJbQ0gyXVtDQEhdKFtPSF0pW0NIMl1bTkhdYzNbY0hdW2NIXWMoRilbY0hdW2NIXTM=,0.0015,MFCD01571073,1,68,,RJC03968,0.630701933426337,0,-2.809,8,319,,OPLS_2005,vsw_2-LIGPREP-001-in.maegz,,0,Non-Mutagen,9,37.8902850649695,5,0.0,,0.0583238017353104,false,All properties and OPS components are within expected ranges.,3,-0.342007267489389,94.080002,0.000700690597016701,40011,RJC03968-1,-38.3316383361816,-10.2246208441212,0.001
-3.53143077639504,2,2,-0.964010163223816,-0.762,0,-49.9489407539368,63_sdstereoexpander_2_neutralizer_1_epik_1_stereoizer_1,1.59,-0.363614895163658,0.0,0.437050841235678,7.01935958862305,,-0.0,C18 H23 N5 O3,All properties and OPS components are within expected ranges.,357.41199,All properties and OPS components are within expected ranges.,6,2,1,90%,,1.58,Non-Carcinogen,31,2.21694895460153e-07,false,11.6376759098861,63-2,false,glide-grid_1,38,0,0.0,J2VwaWtfcHl0aG9uJywgJy1waCcsICc3LjAwMDAwMCcsICctcGh0JywgJzIuMDAwMDAwJywgJy1tcycsICcxNicsICctdG4nLCAnOCcsICctbWEnLCAnMjAwJywgJy1pbWFlJywgJzxpbmZpbGUubWFlPicsICctb21hZScsICc8b3V0ZmlsZS5tYWU+Jw==,-16.895774765761,"8-(benzylamino)-7-(2-hydroxybutyl)-1,3-dimethyl-3,7-dihydro-1H-purine-2,6-dione",3,"All properties and OPS components are within expected ranges.
.
.
.
.
.
.
.",-8.46052237446995,-71.8676439374339,0.000457796600473275,12.8267716194895,RJC03326,-3.73043870925903,7,-0.0,14.37250055647,"All properties and OPS components are within expected ranges.
.
.
.",0.22503468846603,0.110284855013921,357.41,0.197511571546918,,0,RJC03326,-8.46052237446995,63,-5.33291787562607,15_S_31_6_28_49,1,-12.494172670248,-2.4443111027111,2.72,-10.3303175976522,0,-1.98692591840605,91.541,Tz1jMW4oW0NIM10pYyg9TyluKFtDSDNdKWMoYzEyKW5jKG4yW0NIMl1bQ0BIXShbT0hdKVtDSDJdW0NIM10pW05IXVtDSDJdYzNbY0hdW2NIXVtjSF1bY0hdW2NIXTM=,0.0,MFCD01935754,2,63,,RJC03326,0.749325308422592,0,-3.645,8,400,,OPLS_2005,vsw_2-LIGPREP-001-in.maegz,1.0,0,Non-Mutagen,8,31.3869183276898,6,0.0,,0.000672716082225963,false,All properties and OPS components are within expected ranges.,3,-0.325404706710383,94.080002,1.79133863279747e-05,40011,RJC03326-2,-46.2185020446777,-10.896801278913,-0.0
-2.67261234670687,2,1,-1.00859851820534,-1.063,0,-50.6788682937622,84_sdstereoexpander_1_neutralizer_1_epik_1_stereoizer_1,0.43000001,-0.558870249386275,0.0,0.329646661960277,5.98197078704834,,-0.0,C16 H18 N4 O4,All properties and OPS components are within expected ranges.,348.362,All properties and OPS components are within expected ranges.,5,2,1,90%,,0.39500001,Non-Carcinogen,43,3.05165333888209e-09,false,11.4748157018518,84-1,false,glide-grid_1,11,0,0.0,J2VwaWtfcHl0aG9uJywgJy1waCcsICc3LjAwMDAwMCcsICctcGh0JywgJzIuMDAwMDAwJywgJy1tcycsICcxNicsICctdG4nLCAnOCcsICctbWEnLCAnMjAwJywgJy1pbWFlJywgJzxpbmZpbGUubWFlPicsICctb21hZScsICc8b3V0ZmlsZS5tYWU+Jw==,-15.1254557883228,"7-(2-hydroxy-3-phenoxypropyl)-1,3-dimethyl-3,7-dihydro-1H-purine-2,6-dione hydrate",3,"All properties and OPS components are within expected ranges.
.
.
.
.
.
.
.",-8.39187785558218,-73.8061256702099,0.000179394665098224,13.2215411944783,RJC03972,-6.02416324615479,6,-0.0,12.9267829234514,"All properties and OPS components are within expected ranges.
.
.
.",0.169732962115717,0.164261035570343,330.34,0.294178700015765,,0,RJC03972,-8.39187785558218,84,-11.0510211165501,19_R_28_25_7_42,1,-20.1927177647206,-2.71341227464597,1.546,-13.5458528006502,0,-2.00856144902358,87.661,Tz1jMW4oW0NIM10pYyg9TyluKFtDSDNdKWMoYzEyKW5bY0hdbjJbQ0gyXVtDQEBIXShbT0hdKVtDSDJdT2MzW2NIXVtjSF1bY0hdW2NIXVtjSF0z,0.0,MFCD01571077,1,84,hydrate,RJC03972,0.689376754460513,0,-2.548,8,238,,OPLS_2005,vsw_2-LIGPREP-001-in.maegz,1.0,0,Non-Mutagen,8,40.1527308713481,5,0.0,,0.00122941117452472,false,"OPS PC17 out of range. Value: 3.4288. Training min, max, SD, explained variance: -2.9517, 2.8461, 1.109, 0.0161.",3,-0.349661577315924,91.279999,0.00718256715190086,40011,RJC03972-1,-44.6547050476074,-13.4913135904316,-0.0
-1.5058020374994,2,1,-0.950457111615369,-1.28,1,-54.1112027168274,25_sdstereoexpander_2_neutralizer_1_epik_1_stereoizer_1,0.63999999,-0.60211990641813,0.0,0.57925568165371,6.16309690475464,,-0.0,C18 H19 N3 O5,All properties and OPS components are within expected ranges.,357.36401,All properties and OPS components are within expected ranges.,4,2,1,90%,,0.62226999,Non-Carcinogen,10,1.14915710860851e-05,false,12.8063804861897,25-2,true,glide-grid_1,6,0,0.0,J2VwaWtfcHl0aG9uJywgJy1waCcsICc3LjAwMDAwMCcsICctcGh0JywgJzIuMDAwMDAwJywgJy1tcycsICcxNicsICctdG4nLCAnOCcsICctbWEnLCAnMjAwJywgJy1pbWFlJywgJzxpbmZpbGUubWFlPicsICctb21hZScsICc8b3V0ZmlsZS5tYWU+Jw==,-12.5889731176282,"3-{[6,7-dimethoxy-1-methyl-3,4-dihydro-2(1H)-isoquinolinyl]carbonyl}-2-pyrazinecarboxylic acid",3,"All properties and OPS components are within expected ranges.
Unknown SCFP_2 feature: -1946829520: [*]NC(C([*])[*])[c](:[*]):[*]
.
.
.
.
.
.",-8.34157560321169,-78.1481361519721,1.4517374497935e-06,15.1307203711082,HTS06400,-7.55998659133911,5,-0.0,15.2692111204834,"All properties and OPS components are within expected ranges.
.
.
.",0.298255053106804,0.264886218960044,357.37,0.474390553275108,,0,HTS06400,-8.34157560321169,25,-13.7908063306316,11_R_12_10_25_44,1,-3.19735232668358,-3.07340627282002,1.432,-2.50563049203225,0,-1.95899165947224,99.151,bjFbY0hdW2NIXW5jKEMoPU8pW09IXSljMUMoPU8pTihbQ0gyXVtDSDJdMilbQ0BASF0oW0NIM10pYyhjMjMpW2NIXWMoT1tDSDNdKWMoW2NIXTMpT1tDSDNd,0.0,MFCD02681134,1,25,,HTS06400,0.301311408501134,-1,-2.792,8,326,,OPLS_2005,vsw_2-LIGPREP-001-in.maegz,1.0,0,Non-Mutagen,8,52.4107462638434,5,0.0,,4.591186921836e-06,false,"All properties and OPS components are within expected ranges.
Unknown FCFP_2 feature: -1549222613: [*]:[c](:[*])C(=O)O",3,-0.320829830892757,101.85,1.45299725135629e-07,40011,HTS06400-2,-46.5512161254883,-7.40991116012637,-0.0
-2.06761632917918,2,1,-0.971479490873788,-0.832,0,-50.5398993492126,83_sdstereoexpander_2_neutralizer_1_epik_1_stereoizer_1,1.3,-0.522343841759134,0.0,0.415872361943539,2.29765486717224,,-0.0,C16 H17 Br N4 O4,All properties and OPS components are within expected ranges.,409.23801,All properties and OPS components are within expected ranges.,5,2,1,90%,,1.193,Non-Carcinogen,42,2.86423398380211e-09,false,10.494855667187,83-2,false,glide-grid_1,19,0,0.0,J2VwaWtfcHl0aG9uJywgJy1waCcsICc3LjAwMDAwMCcsICctcGh0JywgJzIuMDAwMDAwJywgJy1tcycsICcxNicsICctdG4nLCAnOCcsICctbWEnLCAnMjAwJywgJy1pbWFlJywgJzxpbmZpbGUubWFlPicsICctb21hZScsICc8b3V0ZmlsZS5tYWU+Jw==,-19.4311222552714,"7-[3-(4-bromophenoxy)-2-hydroxypropyl]-1,3-dimethyl-3,7-dihydro-1H-purine-2,6-dione",3,"All properties and OPS components are within expected ranges.
.
.
.
.
.
.
.",-8.30603281933154,-75.287419421742,0.00811407022759595,11.5163186942394,RJC03973,-5.50588369369507,6,-0.0,12.4967609029604,"All properties and OPS components are within expected ranges.
.
.
.",0.214130024660291,0.0571996434461533,409.23999,0.102440099028529,,0,RJC03973,-8.30603281933154,83,-10.827778044107,19_R_28_25_9_42,1,-18.6213992321345,-3.10874695637021,2.294,-13.9481931950584,0,-1.96877868989923,87.661,Tz1jMW4oW0NIM10pYyg9TyluKFtDSDNdKWMoYzEyKW5bY0hdbjJbQ0gyXVtDQEhdKFtPSF0pW0NIMl1PYzNbY0hdW2NIXWMoQnIpW2NIXVtjSF0z,0.0,MFCD01413460,1,83,,RJC03973,0.470257644807119,0,-3.32,8,294,,OPLS_2005,vsw_2-LIGPREP-001-in.maegz,1.0,0,Non-Mutagen,9,39.8460870562031,5,0.0,,0.0272275774936694,false,All properties and OPS components are within expected ranges.,3,-0.332241312773262,91.279999,0.0270023794362887,40011,RJC03973-2,-45.0340156555176,-11.3673063337238,-0.0
-2.72556320401009,2,3,-1.19462913854664,-0.863,1,-39.877592086792,225_sdstereoexpander_2_neutralizer_1_epik_1_stereoizer_1,1.28,-0.544443409714322,0.0,0.497968735547651,7.33540105819702,,-0.0,C14 H20 N2 O2,All properties and OPS components are within expected ranges.,248.32401,All properties and OPS components are within expected ranges.,4,2,1,TECH,,1.336,Non-Carcinogen,113,0.0171011823337188,false,8.93020810103705,225-2,false,glide-grid_1,5,0,-0.0234094668614959,J2VwaWtfcHl0aG9uJywgJy1waCcsICc3LjAwMDAwMCcsICctcGh0JywgJzIuMDAwMDAwJywgJy1tcycsICcxNicsICctdG4nLCAnOCcsICctbWEnLCAnMjAwJywgJy1pbWFlJywgJzxpbmZpbGUubWFlPicsICctb21hZScsICc8b3V0ZmlsZS5tYWU+Jw==,-13.9395065959628,"3-[(2-hydroxy-2-phenylethyl)amino]-2-azepanone,80<90%",3,"OPS PC6 out of range. Value: 4.6241. Training min, max, SD, explained variance: -5.6268, 4.4511, 1.472, 0.0441.
.
.
.
.
.
.
.",-8.21245394468652,-68.1118127594106,0.00610030356752806,11.6557775315151,HTS06424,-9.70242118835449,5,0.0074,11.2620150545219,"All properties and OPS components are within expected ranges.
.
.
.",0.256400923409642,0.208252951094964,248.32001,0.372964788726952,29_R_35_30_26_38,0,HTS06424,-8.20505394468652,225,-5.10565396169448,3_S_33_2_4_37,1,-14.1400983056575,-2.51750278837551,0.969,-7.60639488438891,0,-2.10906680782704,63.736,W05IXTFbQ0gyXVtDSDJdW0NIMl1bQ0gyXVtDQEhdKEMxPU8pW05IXVtDSDJdW0NASF0oW09IXSljMltjSF1bY0hdW2NIXVtjSF1bY0hdMg==,0.0097,MFCD04123819,2,225,,HTS06424,0.562586647449941,1,-1.52,4,15,,OPLS_2005,vsw_2-LIGPREP-001-in.maegz,,0,Non-Mutagen,4,16.8468789323757,4,0.0097,,0.492404789463678,false,All properties and OPS components are within expected ranges.,4,-0.455836330260362,61.360001,0.354165168728861,40011,HTS06424-3,-30.1751708984375,-9.48497778183149,0.0074
-2.37565028500868,2,1,-0.841242524143512,-0.781,1,-56.5803756713867,93_sdstereoexpander_2_neutralizer_1_epik_1_stereoizer_1,1.13,-0.32,0.0,0.235985360502047,6.43586301803589,,-0.0,C20 H25 Cl N6 O3,All properties and OPS components are within expected ranges.,432.909,"OPS PC21 out of range. Value: -4.0475. Training min, max, SD, explained variance: -3.9207, 4.1148, 1.267, 0.0133.",5,2,1,90%,,0.50800002,Non-Carcinogen,48,0.00557966552517224,false,12.2443801058028,93-2,false,glide-grid_1,287,0,-0.0040819256294572,J2VwaWtfcHl0aG9uJywgJy1waCcsICc3LjAwMDAwMCcsICctcGh0JywgJzIuMDAwMDAwJywgJy1tcycsICcxNicsICctdG4nLCAnOCcsICctbWEnLCAnMjAwJywgJy1pbWFlJywgJzxpbmZpbGUubWFlPicsICctb21hZScsICc8b3V0ZmlsZS5tYWU+Jw==,-19.874510315613,"7-{3-[4-(3-chlorophenyl)piperazino]-2-hydroxypropyl}-1,3-dimethyl-3,7-dihydro-1H-purine-2,6-dione",3,"All properties and OPS components are within expected ranges.
.
.
.
.
.
.
.",-8.12440727860235,-86.7237266799751,8.76690886970936e-06,14.4348849916879,JFD03558,-8.49073028564453,6,0.0023,15.3593957345221,"All properties and OPS components are within expected ranges.
.
.
.",0.121507355832969,0.0505066670749259,432.91,0.0904535004947538,,0,JFD03558,-8.12210727860235,93,-11.4551062851979,19_S_28_9_25_55,1,-15.2011689212915,-2.27535176205581,2.346,-5.21564944197031,0,-1.84543127114534,85.436,Tz1jMW4oW0NIM10pYyg9TyluKFtDSDNdKWMoYzEyKW5bY0hdbjJbQ0gyXVtDQEhdKFtPSF0pW0NIMl1OM1tDSDJdW0NIMl1OKFtDSDJdW0NIMl0zKWM0W2NIXWMoQ2wpW2NIXVtjSF1bY0hdNA==,0.0033,MFCD01313994,1,93,,JFD03558,0.528768506225385,1,-3.454,9,93,,OPLS_2005,vsw_2-LIGPREP-001-in.maegz,,0,Non-Mutagen,10,62.5743479422908,5,0.0033,,5.80505504208896e-05,false,"OPS PC5 out of range. Value: 5.3017. Training min, max, SD, explained variance: -3.7579, 4.4942, 2.102, 0.0577.",3,-0.270736909286745,88.529999,8.57971365303556e-08,40011,JFD03558-2,-48.0896453857422,-16.3798226795386,0.0023
-2.62028584453407,2,0,-0.944911969799207,-0.752,0,-49.1681213378906,142_sdstereoexpander_2_neutralizer_1_epik_1_stereoizer_1,1.5700001,-0.32,0.0,0.432426303763879,2.20512795448303,,-0.0,C17 H17 N5 O3,All properties and OPS components are within expected ranges.,339.353,"OPS PC9 out of range. Value: -4.1619. Training min, max, SD, explained variance: -4.0845, 6.2392, 1.79, 0.0264.",3,2,1,TECH,This compound has an imine and may undergo hydrolysis.,1.285,Non-Carcinogen,70,3.34349391254346e-09,false,13.1603184344939,142-2,false,glide-grid_1,4,0,0.0,J2VwaWtfcHl0aG9uJywgJy1waCcsICc3LjAwMDAwMCcsICctcGh0JywgJzIuMDAwMDAwJywgJy1tcycsICcxNicsICctdG4nLCAnOCcsICctbWEnLCAnMjAwJywgJy1pbWFlJywgJzxpbmZpbGUubWFlPicsICctb21hZScsICc8b3V0ZmlsZS5tYWU+Jw==,-15.1076799429017,"1,3-dimethyl-7-[(3-phenyl-4,5-dihydro-5-isoxazolyl)methyl]-3,7-dihydro-1H-purine-2,6-dione,",3,"All properties and OPS components are within expected ranges.
Unknown SCFP_2 feature: -331724199: [*]\N=C(\C)/[c](:[*]):[*]
.
.
.
.
.
.",-8.07888370908602,-72.6242272501531,0.000119244324904158,13.3903549116853,HTS09835,-5.25896453857422,3,-0.0,14.3823730180015,"All properties and OPS components are within expected ranges.
.
.
.",0.222653543640125,0.164875674504547,339.35001,0.29527947039637,,0,HTS09835,-8.07888370908602,142,-6.26008605580773,6_R_7_28_3_42,1,-17.3036619567368,-2.64727849412708,2.068,-15.9685529660771,0,-1.91493754366151,78.169,W2NIXTFbY0hdW2NIXVtjSF1bY0hdYzFDMj1OT1tDQEBIXShbQ0gyXTIpW0NIMl1uKFtjSF1uMyljKGMzNCljKD1PKW4oW0NIM10pYyg9TyluNFtDSDNd,0.0,MFCD04123847,1,142,,HTS09835,0.49298315032708,0,-3.769,8,313,,OPLS_2005,vsw_2-LIGPREP-001-in.maegz,1.0,0,Non-Mutagen,8,46.4719098355464,3,0.0,7_1_2_31_E,8.22544414435132e-07,false,All properties and OPS components are within expected ranges.,3,-0.323155348363441,83.410004,1.70625716704082e-05,40011,HTS09835-2,-43.9091567993164,-10.9981226515544,-0.0
-1.44278590909091,2,2,-0.996083398268452,-1.443,1,-58.3698272705078,77_sdstereoexpander_2_neutralizer_1_epik_1_stereoizer_1,0.33000001,-0.732021889583093,0.0,0.542540636956407,7.28623580932617,34_ANR_31_35_36_42,-0.0,C17 H24 N2 O4,All properties and OPS components are within expected ranges.,320.38699,All properties and OPS components are within expected ranges.,7,2,1,90%,,0.26699999,Non-Carcinogen,41,0.0496380208740062,true,10.9131043573956,77-4,false,glide-grid_1,173,0,-0.134455707232423,J2VwaWtfcHl0aG9uJywgJy1waCcsICc3LjAwMDAwMCcsICctcGh0JywgJzIuMDAwMDAwJywgJy1tcycsICcxNicsICctdG4nLCAnOCcsICctbWEnLCAnMjAwJywgJy1pbWFlJywgJzxpbmZpbGUubWFlPicsICctb21hZScsICc8b3V0ZmlsZS5tYWU+Jw==,-14.6347968573244,1-[3-(4-acetylphenoxy)-2-hydroxypropyl]piperidine-4-carboxamide,3,"All properties and OPS components are within expected ranges.
.
.
.
.
.
.
.",-8.07820358003131,-89.4632645683614,3.99604962963374e-05,13.834237944034,HTS00802,-26.0327644348145,8,0.0223,12.3155046408099,"All properties and OPS components are within expected ranges.
.
.
.",0.279350710943512,0.181738314392448,320.39001,0.325479142910504,25_ANS_22_28_39_48,0,HTS00802,-8.05590358003131,77,-7.39640098668729,21_S_26_18_22_47,1,-6.09714900418509,-1.15168809157782,0.655,-2.15432563272789,0,-1.94799053254662,94.239,W0NIM11DKD1PKWMxW2NIXVtjSF1jKFtjSF1bY0hdMSlPW0NIMl1bQ0BIXShbT0hdKVtDSDJdTjJbQ0gyXVtDSDJdW0NIXShbQ0gyXVtDSDJdMilDKD1PKVtOSDJd,0.0273,MFCD02180253,2,77,,HTS00802,0.904515824459774,1,-1.647,6,334,,OPLS_2005,vsw_2-LIGPREP-001-in.maegz,0.99995,0,Non-Mutagen,6,25.5112437066017,7,0.0273,,0.00814078826360847,false,All properties and OPS components are within expected ranges.,4,-0.350256677392665,92.860001,0.0441731677547777,40011,HTS00802-4,-32.3370628356934,-8.28284877606966,0.0223
-2.7587745,2,2,-0.91454134589897,-1.325,0,-50.5821757316589,20_sdstereoexpander_2_neutralizer_1_epik_1_stereoizer_1,0.23,-0.581454098652538,0.011,0.411791519487324,5.87210559844971,,-0.0,C17 H21 N5 O4,All properties and OPS components are within expected ranges.,359.384,All properties and OPS components are within expected ranges.,6,2,1,90%,,0.041999999,Non-Carcinogen,6,0.0084818992396087,false,11.8727556068984,20-2,false,glide-grid_1,66,0,0.0,J2VwaWtfcHl0aG9uJywgJy1waCcsICc3LjAwMDAwMCcsICctcGh0JywgJzIuMDAwMDAwJywgJy1tcycsICcxNicsICctdG4nLCAnOCcsICctbWEnLCAnMjAwJywgJy1pbWFlJywgJzxpbmZpbGUubWFlPicsICctb21hZScsICc8b3V0ZmlsZS5tYWU+Jw==,-12.5672776168895,"7-[2-hydroxy-3-(4-methoxyanilino)propyl]-1,3-dimethyl-3,7-dihydro-1H-purine-2,6-dione",3,"All properties and OPS components are within expected ranges.
.
.
.
.
.
.
.",-8.03486508880837,-71.7541020226576,0.0020507938806986,12.1665708019064,JFD03567,-4.73788022994995,7,0.0085,14.330538302741,"All properties and OPS components are within expected ranges.
.
.
.",0.212028824927516,0.265843080828075,359.38,0.476104218231953,,0,JFD03567,-8.02636508880837,20,-10.165554898561,19_S_28_7_25_47,1,-16.6115260574047,-2.43375122282685,1.354,-13.4542077827263,0,-1.88496550445468,100.471,Tz1jMW4oW0NIM10pYyg9TyluKFtDSDNdKWMoYzEyKW5bY0hdbjJbQ0gyXVtDQEhdKFtPSF0pW0NIMl1bTkhdYzNbY0hdW2NIXWMoW2NIXVtjSF0zKU9bQ0gzXQ==,0.011,MFCD01239314,2,20,,JFD03567,0.742011542248965,0,-2.496,9,105,,OPLS_2005,vsw_2-LIGPREP-001-in.maegz,,0,Non-Mutagen,9,43.6442001094516,6,0.0,,0.000270261160115745,false,"OPS PC17 out of range. Value: 3.3304. Training min, max, SD, explained variance: -2.9517, 2.8461, 1.109, 0.0161.",3,-0.308706349569553,103.31,2.20048384660789e-05,40011,JFD03567-3,-45.844295501709,-11.4599468926424,0.0085
-1.71992104974821,2,2,-0.869592123437166,-1.122,1,-53.4420771598816,23_sdstereoexpander_1_neutralizer_1_epik_1_stereoizer_1,2.5699999,-0.0928152363287228,0.0001,0.462485509731155,7.51677513122559,,-0.0,C19 H20 N4 O4 S,All properties and OPS components are within expected ranges.,400.457,All properties and OPS components are within expected ranges.,4,2,0,90%,,1.875,Non-Carcinogen,8,7.06131044986269e-05,true,9.7701944948307,23-1,true,glide-grid_1,34,0,-0.0293839363106063,J2VwaWtfcHl0aG9uJywgJy1waCcsICc3LjAwMDAwMCcsICctcGh0JywgJzIuMDAwMDAwJywgJy1tcycsICcxNicsICctdG4nLCAnOCcsICctbWEnLCAnMjAwJywgJy1pbWFlJywgJzxpbmZpbGUubWFlPicsICctb21hZScsICc8b3V0ZmlsZS5tYWU+Jw==,-12.4137600368038,"1,5-dimethyl-4-[({[(4-methylphenyl)sulfonyl]amino}carbonyl)amino]-2-phenyl-2,3-dihydro-1H-pyrazole",3,"All properties and OPS components are within expected ranges.
Unknown SCFP_2 feature: 12471394: [*]N1[*]=[*]C(=[*])N1[c](:[*]):[*]
Unknown SCFP_2 feature: -204592691: [*]N1[*][*]=C([*])N1C
.
.
.
.
.",-8.01839817927207,-76.1408339940868,9.49729127787203e-08,16.1654746257601,HTS05807,-4.668860912323,6,-0.0,13.4603829170618,"All properties and OPS components are within expected ranges.
.
.
.",0.238130836925403,0.272649996802865,400.45001,0.488294873706804,,1,HTS05807,-8.01839817927207,23,-11.7897557752663,,1,-2.7396846729956,-3.77412858932854,2.065,3.18550960940085,0,-1.85088173017663,101.528,W2NIXTFbY0hdYyhbQ0gzXSlbY0hdW2NIXWMxUyg9TykoPU8pW05IXUMoPU8pW05IXWMoYyhbQ0gzXSluMltDSDNdKWMoPU8pbjItYzNbY0hdW2NIXVtjSF1bY0hdW2NIXTM=,0.0001,MFCD00247400,2,23,,HTS05807,0.736840581670394,-1,-3.641,8,99,,OPLS_2005,vsw_2-LIGPREP-001-in.maegz,1.0,0,Non-Mutagen,9,43.3005900657822,6,0.0001,,0.143658712714828,false,"All properties and OPS components are within expected ranges.
Unknown FCFP_2 feature: 675799546: [*]N1[*]=[*]C(=[*])N1[c](:[*]):[*]
Unknown FCFP_2 feature: 436975416: [*]NC1=C([*])[*][*]C1=[*]",3,-0.286371363545431,102.2,0.00102933213840448,40011,HTS05807-1,-48.7732162475586,-10.3526233689325,-0.0
-2.34713431577063,2,1,-0.866969267916648,-0.843,0,-51.6753203868866,33_sdstereoexpander_1_neutralizer_1_epik_1_stereoizer_1,1.77,-0.373948967882729,0.0,0.350969875898442,10.4027881622314,,-0.0,C19 H23 N5 O4,All properties and OPS components are within expected ranges.,385.422,All properties and OPS components are within expected ranges.,8,2,0,90%,This compound has an ester and may undergo hydrolysis at high or low pH.,1.396,Non-Carcinogen,15,1.10607552043762e-07,false,11.7305899050096,33-1,false,glide-grid_1,115,0,0.0,J2VwaWtfcHl0aG9uJywgJy1waCcsICc3LjAwMDAwMCcsICctcGh0JywgJzIuMDAwMDAwJywgJy1tcycsICcxNicsICctdG4nLCAnOCcsICctbWEnLCAnMjAwJywgJy1pbWFlJywgJzxpbmZpbGUubWFlPicsICctb21hZScsICc8b3V0ZmlsZS5tYWU+Jw==,-17.0792795902199,"ethyl 2-[1,3-dimethyl-2,6-dioxo-8-(phenethylamino)-2,3,6,7-tetrahydro-1H-purin-7-yl]acetate",3,"All properties and OPS components are within expected ranges.
Unknown SCFP_2 feature: 1964617636: [*]C(=[*])Cn(:[*]):[*]
.
.
.
.
.
.",-7.99421316268397,-69.6848240258913,0.0031749874018383,11.9655473844392,RJC01278,-3.51282572746277,8,-0.0,16.2465737229633,"All properties and OPS components are within expected ranges.
.
.
.",0.180712148866857,0.105514435674307,385.42001,0.188968122670043,,0,RJC01278,-7.99421316268397,33,-8.14357074989672,,1,-17.7130167462161,-3.12380786848785,2.735,-8.4753293714765,0,-1.84529911824515,96.957,Tz1jMW4oW0NIM10pYyg9TyluKFtDSDNdKWMoYzEyKW5jKG4yW0NIMl1DKD1PKU9bQ0gyXVtDSDNdKVtOSF1bQ0gyXVtDSDJdYzNbY0hdW2NIXVtjSF1bY0hdW2NIXTM=,0.0,MFCD00220595,2,33,,RJC01278,0.785726581547848,0,-3.95,9,52,,OPLS_2005,vsw_2-LIGPREP-001-in.maegz,1.0,0,Non-Mutagen,9,29.9927440881095,8,0.0,,0.000471861016379295,false,All properties and OPS components are within expected ranges.,3,-0.285507612952999,100.15,3.27305111440452e-10,40011,RJC01278-1,-48.1624946594238,-12.9295387655695,-0.0
-3.11353472727273,2,1,-1.01371935727954,-1.128,0,-45.9181933403015,125_sdstereoexpander_1_neutralizer_1_epik_1_stereoizer_1,0.25,-0.32,0.0009,0.464267270143068,2.34376120567322,,-0.0,C14 H21 N5 O3,All properties and OPS components are within expected ranges.,307.35199,All properties and OPS components are within expected ranges.,2,2,0,90%,,-0.057,Non-Carcinogen,64,0.00259996592873794,false,10.8580338733324,125-1,false,glide-grid_1,5,0,-0.00953315055590258,J2VwaWtfcHl0aG9uJywgJy1waCcsICc3LjAwMDAwMCcsICctcGh0JywgJzIuMDAwMDAwJywgJy1tcycsICcxNicsICctdG4nLCAnOCcsICctbWEnLCAnMjAwJywgJy1pbWFlJywgJzxpbmZpbGUubWFlPicsICctb21hZScsICc8b3V0ZmlsZS5tYWU+Jw==,-12.1075758113264,"9-(2-hydroxy-1,1-dimethylethyl)-1,3-dimethyl-1,2,3,4,6,7,8,9-octahydropyrimido[2,1-f]purine-2,4-dione",3,"All properties and OPS components are within expected ranges.
Unknown SCFP_2 feature: -1647008159: [*]CC(C[*])(C[*])[N+](=[*])[*]
.
.
.
.
.
.",-7.96174091538187,-66.5709138445624,6.06819385461169e-10,18.0590557025239,BTB13985,-5.611487865448,3,0.0026,14.8546623176613,"All properties and OPS components are within expected ranges.
.
.
.",0.239048253988558,0.286404624855801,307.35001,0.512928339493525,,0,BTB13985,-7.95914091538187,125,-7.84306371949089,,1,-10.6020838824506,-2.05299537377329,1.052,-11.1144581774743,0,-1.94550435643811,82.083,W09IXVtDSDJdQyhbQ0gzXSkoW0NIM10pTjFbQ0gyXVtDSDJdW0NIMl1uKGMxMiljM2MobjIpbihbQ0gzXSljKD1PKW4oYzM9TylbQ0gzXQ==,0.0009,MFCD00829271,0,125,,BTB13985,0.391380789779924,0,-2.552,8,371,,OPLS_2005,vsw_2-LIGPREP-001-in.maegz,,0,Non-Mutagen,8,52.3474420711435,2,0.0,,0.00963948339015843,false,"All properties and OPS components are within expected ranges.
Unknown FCFP_2 feature: -1410079687: [*]S[c]1:n:[*]:[*]:s:1",3,-0.361779132517358,85.290001,1.4833114294327e-06,40011,BTB13985-1,-40.3067054748535,-10.3152890097308,0.0026
-3.20411474917529,2,2,-0.95658266406082,-1.04,0,-51.6805114746094,66_sdstereoexpander_1_neutralizer_1_epik_1_stereoizer_1,0.73000002,-0.284404188220064,0.0,0.363975169909982,6.71481895446777,,-0.0,C16 H19 N5 O3,All properties and OPS components are within expected ranges.,329.358,All properties and OPS components are within expected ranges.,5,2,0,90%,,0.50400001,Non-Carcinogen,33,2.51910960027664e-07,false,10.7407460254715,66-1,false,glide-grid_1,10,0,-0.00253954505029981,J2VwaWtfcHl0aG9uJywgJy1waCcsICc3LjAwMDAwMCcsICctcGh0JywgJzIuMDAwMDAwJywgJy1tcycsICcxNicsICctdG4nLCAnOCcsICctbWEnLCAnMjAwJywgJy1pbWFlJywgJzxpbmZpbGUubWFlPicsICctb21hZScsICc8b3V0ZmlsZS5tYWU+Jw==,-12.6698103147733,"7-benzyl-8-[(2-hydroxyethyl)amino]-1,3-dimethyl-2,3,6,7-tetrahydro-1H-purine-2,6-dione",3,"All properties and OPS components are within expected ranges.
.
.
.
.
.
.
.",-7.95908850813069,-71.826460022021,0.00065071363259577,12.6754547771262,BTB13966,-4.9096565246582,6,-0.0,15.591056717976,"All properties and OPS components are within expected ranges.
.
.
.",0.187408491740884,0.261332452108937,329.35999,0.468026034088998,,0,BTB13966,-7.95908850813069,66,-9.17593317906197,,1,-14.6435427713311,-2.25931860895741,1.819,-8.46932909099189,0,-1.90497509876934,91.541,Tz1jMW4oW0NIM10pYyg9TyluKFtDSDNdKWMoYzEyKW5jKFtOSF1bQ0gyXVtDSDJdW09IXSluMltDSDJdYzNbY0hdW2NIXVtjSF1bY0hdW2NIXTM=,0.0,MFCD00829252,1,66,,BTB13966,0.866279809468661,0,-2.957,8,296,,OPLS_2005,vsw_2-LIGPREP-001-in.maegz,1.0,0,Non-Mutagen,8,34.124139934959,5,0.0,,0.0136772165126716,false,All properties and OPS components are within expected ranges.,3,-0.331628687838779,94.080002,2.14272829691269e-08,40011,BTB13966-1,-46.7708549499512,-12.5998846185768,-0.0
-2.1941272683863,2,2,-0.971948067375175,-0.841,1,-45.4468741416931,131_sdstereoexpander_1_neutralizer_1_epik_1_stereoizer_1,1.88,-0.310825025366203,0.0,0.575560956923798,9.03877544403076,,-0.0,C17 H13 N O5,All properties and OPS components are within expected ranges.,311.29199,All properties and OPS components are within expected ranges.,5,2,0,90%,"This compound contains an acetal/aminal-like group ( X-CH(R)-Y where X, Y are N, S, or O) that may be acid/base labile, releasing an aldehyde.",2.964,Non-Carcinogen,65,1.15464449734438e-05,true,10.5161617920932,131-1,true,glide-grid_1,13,0,-0.0315064223522479,J2VwaWtfcHl0aG9uJywgJy1waCcsICc3LjAwMDAwMCcsICctcGh0JywgJzIuMDAwMDAwJywgJy1tcycsICcxNicsICctdG4nLCAnOCcsICctbWEnLCAnMjAwJywgJy1pbWFlJywgJzxpbmZpbGUubWFlPicsICctb21hZScsICc8b3V0ZmlsZS5tYWU+Jw==,-13.6047273499106,"3-(1,3-benzodioxol-5-yl)-2-(benzoylamino)acrylic acid",3,"All properties and OPS components are within expected ranges.
.
.
.
.
.
.
.",-7.8607071749046,-68.6744813452226,0.00292530179577545,12.0035724042097,RDR00756,-7.28450536727905,5,-0.0,12.5784249729951,"All properties and OPS components are within expected ranges.
.
.
.",0.296352662926721,0.221702786896325,311.29001,0.397052395369219,,0,RDR00756,-7.8607071749046,131,-7.88115643511016,,1,-2.64833805294982,-2.90082000324593,2.184,1.27401274676745,0,-1.90079027184384,86.087,TzFbQ0gyXU9jKGMxMilbY0hdYyhbY0hdW2NIXTIpL1tDSF09QyhDKD1PKVtPSF0pL1tOSF1DKD1PKWMzW2NIXVtjSF1bY0hdW2NIXVtjSF0z,0.0,MFCD00206928,2,131,,RDR00756,0.577365788258637,-1,-3.248,6,352,,OPLS_2005,vsw_2-LIGPREP-001-in.maegz,1.0,0,Non-Mutagen,6,37.3261980315407,5,0.0,14_15_17_18_E,0.0257133796969812,false,"All properties and OPS components are within expected ranges.
Unknown FCFP_2 feature: 436975416: [*]NC1=C([*])[*][*]C1=[*]",3,-0.341769877169765,84.860001,0.0213556258892927,40011,RDR00756-1,-38.1623687744141,-7.49381136310933,-0.0
-2.66752043784509,2,2,-1.14099100742085,-1.117,0,-44.4882192611694,176_sdstereoexpander_2_neutralizer_1_epik_1_stereoizer_1,0.77999997,-0.592245253377667,0.0002,0.51052375350188,4.77080583572388,,-0.0,C12 H16 N2 O3 S,All properties and OPS components are within expected ranges.,268.33499,All properties and OPS components are within expected ranges.,3,2,1,90%,,1.223,Non-Carcinogen,88,0.0,false,8.43013070390395,176-2,true,glide-grid_1,10,0,-0.0253821916603004,J2VwaWtfcHl0aG9uJywgJy1waCcsICc3LjAwMDAwMCcsICctcGh0JywgJzIuMDAwMDAwJywgJy1tcycsICcxNicsICctdG4nLCAnOCcsICctbWEnLCAnMjAwJywgJy1pbWFlJywgJzxpbmZpbGUubWFlPicsICctb21hZScsICc8b3V0ZmlsZS5tYWU+Jw==,-12.7185480448856,N-(2-oxo-3-azepanyl)benzenesulfonamide,3,"All properties and OPS components are within expected ranges.
.
.
.
.
.
.
.",-7.83665194846984,-63.5959906294961,0.0309843947885831,10.8157206714052,HTS06698,-9.98778438568115,3,-0.0,12.7136999291572,"All properties and OPS components are within expected ranges.
.
.
.",0.262865422015862,0.259198754946652,268.32999,0.464204748929991,,0,HTS06698,-7.83665194846984,176,-14.2245565367768,6_S_7_4_15_34,1,-2.30991883848669,-2.07197139079491,0.853,-3.76079424756586,0,-2.01437097433273,77.522,W2NIXTFbY0hdW2NIXVtjSF1bY0hdYzFTKD1PKSg9TylbTkhdW0NAQEhdKEMyPU8pW0NIMl1bQ0gyXVtDSDJdW0NIMl1bTkhdMg==,0.0002,MFCD02678263,1,176,,HTS06698,0.743656726834716,0,-2.324,5,322,,OPLS_2005,vsw_2-LIGPREP-001-in.maegz,1.0,0,Non-Mutagen,6,12.3054598086773,3,0.0,,0.735775766016632,false,All properties and OPS components are within expected ranges.,3,-0.435369552692769,75.269997,0.0142280285199679,40011,HTS06698-2,-34.5004348754883,-9.12758946496096,-0.0
-1.409997088696,2,1,-0.891389755172696,-0.466,0,-51.2012343406677,208_sdstereoexpander_1_neutralizer_1_epik_1_stereoizer_1,3.5999999,0.0,0.0,0.554876918370575,2.86969590187073,,-0.0,C19 H21 Cl N2 O3 S,All properties and OPS components are within expected ranges.,392.905,All properties and OPS components are within expected ranges.,5,2,0,90%,,2.9000001,Non-Carcinogen,103,0.0,true,9.59232315557663,208-1,true,glide-grid_1,114,0,-0.0767226624003971,J2VwaWtfcHl0aG9uJywgJy1waCcsICc3LjAwMDAwMCcsICctcGh0JywgJzIuMDAwMDAwJywgJy1tcycsICcxNicsICctdG4nLCAnOCcsICctbWEnLCAnMjAwJywgJy1pbWFlJywgJzxpbmZpbGUubWFlPicsICctb21hZScsICc8b3V0ZmlsZS5tYWU+Jw==,-20.3220868389393,N-{1-[(4-chlorophenyl)sulfonyl]piperidin-4-yl}-2-phenylacetamide,2,"All properties and OPS components are within expected ranges.
.
.
.
.
.
.
.",-7.82317786234887,-75.9737863218262,0.482836441213872,8.76108281522599,JFD02539,-7.17680883407593,6,-0.0,10.2020506517684,"All properties and OPS components are within expected ranges.
.
.
.",0.285702583501445,0.0444227190883792,392.89999,0.0795576242850887,,0,JFD02539,-7.82317786234887,208,-6.717921105383,,1,1.76493437961034,-3.69126508299152,2.475,5.52046526464147,0,-1.83724765103233,68.065,W2NIXTFbY0hdYyhDbClbY0hdW2NIXWMxUyg9TykoPU8pTjJbQ0gyXVtDSDJdW0NIXShbQ0gyXVtDSDJdMilbTkhdQyg9TylbQ0gyXWMzW2NIXVtjSF1bY0hdW2NIXVtjSF0z,0.0,MFCD00830643,2,208,,JFD02539,0.632549572180019,0,-3.756,5,53,,OPLS_2005,vsw_2-LIGPREP-001-in.maegz,1.0,0,Non-Mutagen,7,5.21686153229741,6,0.0,,0.198413418459513,false,"OPS PC8 out of range. Value: 5.2834. Training min, max, SD, explained variance: -4.2516, 4.6021, 1.692, 0.0374.",3,-0.300891456244187,66.480003,0.848946902875965,40011,JFD02539-1,-44.0244255065918,-7.97934181893824,-0.0
-1.40471037794974,2,1,-0.869095105109675,-1.688,0,-55.7979068756104,12_sdstereoexpander_1_neutralizer_1_epik_1_stereoizer_1,0.94999999,-0.32,0.0031,0.565493982029311,4.68715763092041,,-0.0,C17 H21 N3 O5 S2,All properties and OPS components are within expected ranges.,411.50101,All properties and OPS components are within expected ranges.,7,2,0,90%,,-0.082000002,Non-Carcinogen,4,0.0,true,11.4289239141014,12-1,true,glide-grid_1,15,0,-0.0671345276460938,J2VwaWtfcHl0aG9uJywgJy1waCcsICc3LjAwMDAwMCcsICctcGh0JywgJzIuMDAwMDAwJywgJy1tcycsICcxNicsICctdG4nLCAnOCcsICctbWEnLCAnMjAwJywgJy1pbWFlJywgJzxpbmZpbGUubWFlPicsICctb21hZScsICc8b3V0ZmlsZS5tYWU+Jw==,-13.7992418625679,4-(morpholinosulfonyl)-N-[2-(2-pyridinyl)ethyl]benzenesulfonamide,3,"All properties and OPS components are within expected ranges.
.
.
.
.
.
.
.",-7.82185595458026,-78.5027010389431,2.70719546705605e-07,15.7700728975734,SCR01253,-9.8320140838623,7,-0.0,11.2087462310106,"All properties and OPS components are within expected ranges.
.
.
.",0.291169241810837,0.213836532844163,411.48999,0.382964548041191,,0,SCR01253,-7.82185595458026,12,-14.7294091625381,,1,-2.51176818526157,-2.95531740136137,0.442,0.829698223609172,0,-1.82079911285262,105.556,W0NIMl0xW0NIMl1PW0NIMl1bQ0gyXU4xUyg9TykoPU8pYyhbY0hdW2NIXTIpW2NIXVtjSF1jMlMoPU8pKD1PKVtOSF1bQ0gyXVtDSDJdYzNuW2NIXVtjSF1bY0hdW2NIXTM=,0.0031,MFCD04123744,2,12,,SCR01253,0.698403104543689,0,-2.183,8,63,,OPLS_2005,vsw_2-LIGPREP-001-in.maegz,1.0,0,Non-Mutagen,10,4.86206711869969,7,0.0,,0.00145076714887536,false,All properties and OPS components are within expected ranges.,3,-0.289698368688158,105.67,0.380134140885888,40011,SCR01253-1,-45.965892791748,-7.72665855948491,-0.0
-1.11355696631785,2,1,-0.848250309679328,-1.021,0,-52.4430561065674,62_sdstereoexpander_1_neutralizer_1_epik_1_stereoizer_1,2.03,-0.227516917571045,0.0,0.546452083840376,7.0984959602356,,-0.0,C19 H28 N2 O6 S,All properties and OPS components are within expected ranges.,412.504,All properties and OPS components are within expected ranges.,6,2,0,90%,This compound has an ester and may undergo hydrolysis at high or low pH.,2.3610001,Non-Carcinogen,30,0.0,true,11.8493551288194,62-1,true,glide-grid_1,365,0,-0.0813567267068627,J2VwaWtfcHl0aG9uJywgJy1waCcsICc3LjAwMDAwMCcsICctcGh0JywgJzIuMDAwMDAwJywgJy1tcycsICcxNicsICctdG4nLCAnOCcsICctbWEnLCAnMjAwJywgJy1pbWFlJywgJzxpbmZpbGUubWFlPicsICctb21hZScsICc8b3V0ZmlsZS5tYWU+Jw==,-15.4155170148641,"tert-butyl 4-{[(2,3-dihydro-1,4-benzodioxin-6-ylsulfonyl)amino]methyl}tetrahydro-1(2H)-pyridinecarboxylate",3,"All properties and OPS components are within expected ranges.
.
.
.
.
.
.
.",-7.82160803367851,-73.6435189624927,7.57397094246492e-06,14.4920537717767,HTS02028,-9.12367057800293,7,-0.0,11.5340540068227,"All properties and OPS components are within expected ranges.
.
.
.",0.281364689977385,0.154432199081833,412.5,0.276576020653507,,0,HTS02028,-7.82160803367851,62,-14.2206875538416,,1,-3.32553367512345,-3.44410702699661,2.049,2.27582638345787,0,-1.80545678656389,94.855,TzFbQ0gyXVtDSDJdT2MoYzEyKVtjSF1jKFtjSF1bY0hdMilTKD1PKSg9TylbTkhdW0NIMl1bQ0hdM1tDSDJdW0NIMl1OKFtDSDJdW0NIMl0zKUMoPU8pT0MoW0NIM10pKFtDSDNdKVtDSDNd,0.0,MFCD02678695,2,62,,HTS02028,0.579449467042515,0,-3.553,8,354,,OPLS_2005,vsw_2-LIGPREP-001-in.maegz,1.0,0,Non-Mutagen,9,27.5929764960846,7,0.0,,0.000296582902064135,false,All properties and OPS components are within expected ranges.,3,-0.279343144059947,94.169998,0.234631161392245,40011,HTS02028-1,-43.3193855285645,-8.18541008673926,-0.0
-2.15485891727754,2,2,-0.936609579946935,-1.288,0,-50.8491005897522,71_sdstereoexpander_1_neutralizer_1_epik_1_stereoizer_1,1.1900001,0.0,0.0,0.408086740052698,3.24669981002808,,-0.0,C16 H16 N2 O5 S,All properties and OPS components are within expected ranges.,348.37701,All properties and OPS components are within expected ranges.,5,2,0,90%,"This compound contains an acetal/aminal-like group ( X-CH(R)-Y where X, Y are N, S, or O) that may be acid/base labile, releasing an aldehyde.",1.785,Non-Carcinogen,37,0.0,true,9.66518910870063,71-1,true,glide-grid_1,36,0,-0.111728289054908,J2VwaWtfcHl0aG9uJywgJy1waCcsICc3LjAwMDAwMCcsICctcGh0JywgJzIuMDAwMDAwJywgJy1tcycsICcxNicsICctdG4nLCAnOCcsICctbWEnLCAnMjAwJywgJy1pbWFlJywgJzxpbmZpbGUubWFlPicsICctb21hZScsICc8b3V0ZmlsZS5tYWU+Jw==,-13.46696356521,"N-(4-{[(1,3-benzodioxol-5-ylmethyl)amino]sulfonyl}phenyl)acetamide",3,"All properties and OPS components are within expected ranges.
.
.
.
.
.
.
.",-7.79290575130766,-72.7372842093276,0.000201016795488914,13.1741723435714,HTS03969,-6.63564920425415,6,-0.0,10.1065877245101,"All properties and OPS components are within expected ranges.
.
.
.",0.210121257644155,0.227357930661683,348.37,0.407180316671548,,0,HTS03969,-7.79290575130766,71,-15.1212731955552,,1,4.24591630997406,-2.94768990907871,1.213,0.467909800700511,0,-1.86519993943177,95.383,W0NIM11DKD1PKVtOSF1jKFtjSF1bY0hdMSlbY0hdW2NIXWMxUyg9TykoPU8pW05IXVtDSDJdYyhbY0hdW2NIXTIpW2NIXWMoYzIzKU9bQ0gyXU8z,0.0,MFCD02678497,2,71,,HTS03969,0.627391314016522,0,-3.044,7,374,,OPLS_2005,vsw_2-LIGPREP-001-in.maegz,1.0,0,Non-Mutagen,8,26.6533855354007,6,0.0,,0.174541141049684,false,All properties and OPS components are within expected ranges.,3,-0.324704406304486,93.730003,0.877421146319211,40011,HTS03969-1,-44.213451385498,-11.5446330762889,-0.0
-2.89404084294587,2,1,-0.908972733913729,-1.077,1,-47.9066739082336,108_sdstereoexpander_1_neutralizer_1_epik_1_stereoizer_1,2.0599999,-0.2678949693949,0.0,0.396389034188257,5.94301986694336,,-0.0,C14 H17 F3 N4 O3 S,All properties and OPS components are within expected ranges.,378.37299,All properties and OPS components are within expected ranges.,5,2,0,90%,,0.18076,Non-Carcinogen,58,0.000217392380470928,true,11.7052236378552,108-1,false,glide-grid_1,614,0,-0.00861719623293578,J2VwaWtfcHl0aG9uJywgJy1waCcsICc3LjAwMDAwMCcsICctcGh0JywgJzIuMDAwMDAwJywgJy1tcycsICcxNicsICctdG4nLCAnOCcsICctbWEnLCAnMjAwJywgJy1pbWFlJywgJzxpbmZpbGUubWFlPicsICctb21hZScsICc8b3V0ZmlsZS5tYWU+Jw==,-13.9671824014908,"2-[(2-oxo-2-{4-[4-(trifluoromethyl)-2-pyrimidinyl]-1,4-diazepan-1-yl}ethyl)sulfanyl]acetic acid",3,"All properties and OPS components are within expected ranges.
.
.
.
.
.
.
.",-7.77160756422578,-70.3667168505493,0.00142646960740367,12.330252938207,HTS02699,-7.25410127639771,7,-0.0,14.6915864977761,"All properties and OPS components are within expected ranges.
.
.
.",0.204098183560762,0.207160231512515,378.37,0.371007813202413,,0,HTS02699,-7.77160756422578,108,-8.58945556517718,,1,-9.12498401297522,-2.1603404904675,1.347,-0.677490214663098,0,-1.84210388900663,84.644,W09IXUMoPU8pW0NIMl1TW0NIMl1DKD1PKU4xW0NIMl1bQ0gyXVtDSDJdTihbQ0gyXVtDSDJdMSljMm5bY0hdW2NIXWMobjIpQyhGKShGKUY=,0.0002,MFCD02681860,2,108,,HTS02699,0.680029757866875,-1,-2.518,7,347,,OPLS_2005,vsw_2-LIGPREP-001-in.maegz,1.0,0,Non-Mutagen,11,21.8995096077254,7,0.0002,,0.00052022538293997,false,"All properties and OPS components are within expected ranges.
Unknown FCFP_2 feature: -1410079687: [*]S[c]1:n:[*]:[*]:s:1",3,-0.310864302569031,86.629997,3.53527718188235e-06,40011,HTS02699-1,-40.6525726318359,-11.8157966150562,-0.0
-2.86700799321335,2,1,-0.86063926790192,-0.831,1,-44.9282884597778,107_sdstereoexpander_1_neutralizer_1_epik_1_stereoizer_1,2.6300001,-0.16,0.0,0.363866179581895,6.88656759262085,,-0.0,C17 H23 F3 N4 O3,All properties and OPS components are within expected ranges.,388.388,All properties and OPS components are within expected ranges.,5,2,0,90%,,1.00176,Non-Carcinogen,57,0.00598941457015457,true,12.4823632414773,107-1,false,glide-grid_1,252,0,0.0,J2VwaWtfcHl0aG9uJywgJy1waCcsICc3LjAwMDAwMCcsICctcGh0JywgJzIuMDAwMDAwJywgJy1tcycsICcxNicsICctdG4nLCAnOCcsICctbWEnLCAnMjAwJywgJy1pbWFlJywgJzxpbmZpbGUubWFlPicsICctb21hZScsICc8b3V0ZmlsZS5tYWU+Jw==,-18.3395827143809,"3,3-dimethyl-5-oxo-5-{4-[4-(trifluoromethyl)-2-pyrimidinyl]-1,4-diazepan-1-yl}pentanoic acid",3,"All properties and OPS components are within expected ranges.
.
.
.
.
.
.
.",-7.74825341962686,-65.3110399910532,0.000150295294471963,13.2949190548286,HTS03991,-8.3295259475708,7,0.0025,12.3817711295056,"All properties and OPS components are within expected ranges.
.
.
.",0.187352373316635,0.0767838434917559,388.39001,0.13751387346481,,0,HTS03991,-7.74575341962686,107,-8.87213365763958,,1,-11.2105782916083,-2.29071846214826,2.144,2.1899512906553,0,-1.80308369736381,84.644,W09IXUMoPU8pW0NIMl1DKFtDSDNdKShbQ0gzXSlbQ0gyXUMoPU8pTjFbQ0gyXVtDSDJdTihbQ0gyXVtDSDJdW0NIMl0xKWMobjIpbltjSF1bY0hdYzJDKEYpKEYpRg==,0.0035,MFCD02679091,2,107,,HTS03991,0.648840053480719,-1,-3.262,7,20,,OPLS_2005,vsw_2-LIGPREP-001-in.maegz,1.0,0,Non-Mutagen,10,25.1519633555529,7,0.0035,,2.04289938768331e-05,false,"All properties and OPS components are within expected ranges.
Unknown FCFP_2 feature: -1410079687: [*]S[c]1:n:[*]:[*]:s:1",3,-0.286879756282476,86.629997,0.0370677183306962,40011,HTS03991-1,-36.598762512207,-12.6026091601332,0.0025
-2.82860210183823,2,2,-0.879530935566859,-1.325,0,-51.3844704627991,21_sdstereoexpander_2_neutralizer_1_epik_1_stereoizer_1,0.30000001,-0.321593494730884,0.0011,0.492080340635738,4.99800491333008,,-0.0,C17 H21 N5 O4,All properties and OPS components are within expected ranges.,359.384,All properties and OPS components are within expected ranges.,6,2,1,90%,,0.039999999,Non-Carcinogen,7,0.000699084846020605,false,12.5249437999922,21-2,false,glide-grid_1,108,0,0.0,J2VwaWtfcHl0aG9uJywgJy1waCcsICc3LjAwMDAwMCcsICctcGh0JywgJzIuMDAwMDAwJywgJy1tcycsICcxNicsICctdG4nLCAnOCcsICctbWEnLCAnMjAwJywgJy1pbWFlJywgJzxpbmZpbGUubWFlPicsICctb21hZScsICc8b3V0ZmlsZS5tYWU+Jw==,-12.1616458428015,"7-[2-hydroxy-3-(2-methoxyanilino)propyl]-1,3-dimethyl-3,7-dihydro-1H-purine-2,6-dione",3,"All properties and OPS components are within expected ranges.
.
.
.
.
.
.
.",-7.71980031997686,-71.6329835291774,9.33515826518903e-07,15.2996189458061,RJC03970,-4.24331140518188,7,0.0007,14.4979518645929,"All properties and OPS components are within expected ranges.
.
.
.",0.253369026454997,0.283959443524414,359.38,0.508549210487837,,0,RJC03970,-7.71910031997686,21,-8.78543709689037,19_R_28_9_25_47,1,-16.6457362959376,-2.31806160199856,1.354,-11.8127406184692,0,-1.81280538171254,100.471,Tz1jMW4oW0NIM10pYyg9TyluKFtDSDNdKWMoYzEyKW5bY0hdbjJbQ0gyXVtDQEBIXShbT0hdKVtDSDJdW05IXWMzYyhPW0NIM10pW2NIXVtjSF1bY0hdW2NIXTM=,0.0011,MFCD01571075,2,21,,RJC03970,0.742011542248965,0,-2.529,9,331,,OPLS_2005,vsw_2-LIGPREP-001-in.maegz,,0,Non-Mutagen,9,46.8016314445869,6,0.0,,1.68672250288477e-05,false,"OPS PC17 out of range. Value: 3.2249. Training min, max, SD, explained variance: -2.9517, 2.8461, 1.109, 0.0161.",3,-0.296888473845264,103.31,9.58122770120166e-06,40011,RJC03970-2,-47.1411590576172,-9.65843141241237,0.0007
-1.35451068721195,2,1,-0.792274998951027,-0.655,2,-51.0594654083252,150_sdstereoexpander_2_neutralizer_1_epik_1_stereoizer_1,0.79000002,-0.518848766643896,0.0,0.312916424216493,10.7700977325439,,-0.0,C23 H26 N2 O5,All properties and OPS components are within expected ranges.,410.46701,All properties and OPS components are within expected ranges.,7,2,1,90%,"This compound contains an acetal/aminal-like group ( X-CH(R)-Y where X, Y are N, S, or O) that may be acid/base labile, releasing an aldehyde.",2.046,Non-Carcinogen,74,0.0985400957477571,true,11.3289526529441,150-3,false,glide-grid_1,145,0,0.0,J2VwaWtfcHl0aG9uJywgJy1waCcsICc3LjAwMDAwMCcsICctcGh0JywgJzIuMDAwMDAwJywgJy1tcycsICcxNicsICctdG4nLCAnOCcsICctbWEnLCAnMjAwJywgJy1pbWFlJywgJzxpbmZpbGUubWFlPicsICctb21hZScsICc8b3V0ZmlsZS5tYWU+Jw==,-14.8104320556215,"5-[4-(1,3-benzodioxol-5-ylmethyl)piperazino]-5-oxo-3-phenylpentanoic acid",3,"All properties and OPS components are within expected ranges.
.
.
.
.
.
.
.",-7.69393102042882,-83.2518968524205,0.0003248097030472,12.9727109677178,HTS05216,-7.64043235778809,8,0.0446,12.182171320675,"All properties and OPS components are within expected ranges.
.
.
.",0.161118669490194,0.175361185114304,410.47,0.314058201879887,,0,HTS05216,-7.64933102042882,150,-10.0004492075852,30_S_35_32_27_55,1,-5.95306389605615,-3.20513823588841,2.474,1.11228347059971,0,-1.7380113539784,79.982,TzFbQ0gyXU9jKGMxMilbY0hdW2NIXWMoW2NIXTIpW0NIMl1OM1tDSDJdW0NIMl1OKFtDSDJdW0NIMl0zKUMoPU8pW0NIMl1bQ0BIXShbQ0gyXUMoPU8pW09IXSljNFtjSF1bY0hdW2NIXVtjSF1bY0hdNA==,0.054,MFCD02680856,2,150,,HTS05216,0.701583175510495,0,-3.174,7,199,,OPLS_2005,vsw_2-LIGPREP-001-in.maegz,1.0,0,Non-Mutagen,7,49.2486368755488,8,0.054,,0.00206684837922451,false,All properties and OPS components are within expected ranges.,3,-0.254977700680961,79.309998,0.0618657566282268,40011,HTS05216-3,-43.4190330505371,-13.9526704490622,0.0446
-1.70378505229086,2,0,-0.917031016648862,-0.069,0,-45.6881656646729,255_sdstereoexpander_1_neutralizer_1_epik_1_stereoizer_1,1.96,-0.286519744295863,0.0,0.554385703460118,4.62085247039795,,-0.0,C19 H21 N O4,All properties and OPS components are within expected ranges.,327.37799,All properties and OPS components are within expected ranges.,5,2,0,90%,,2.6157401,Non-Carcinogen,127,0.0,false,12.166417379191,255-1,false,glide-grid_1,4,0,0.0,J2VwaWtfcHl0aG9uJywgJy1waCcsICc3LjAwMDAwMCcsICctcGh0JywgJzIuMDAwMDAwJywgJy1tcycsICcxNicsICctdG4nLCAnOCcsICctbWEnLCAnMjAwJywgJy1pbWFlJywgJzxpbmZpbGUubWFlPicsICctb21hZScsICc8b3V0ZmlsZS5tYWU+Jw==,-17.6229223337467,"1-[6,7-dimethoxy-3,4-dihydro-2(1H)-isoquinolinyl]-2-phenoxy-1-ethanone",2,"All properties and OPS components are within expected ranges.
.
.
.
.
.
.
.",-7.63000553995541,-64.6642568763516,1.03489503353021e-06,15.2602410217319,SCR01092,-6.18188667297363,6,-0.0,11.8538297788352,"All properties and OPS components are within expected ranges.
.
.
.",0.285449660079465,0.0922715346656775,327.38,0.165251120097708,,0,SCR01092,-7.63000553995541,255,-6.40369372187029,,1,-4.30721525021254,-3.26243628143417,2.704,-2.41910388363303,0,-1.82621044385156,47.443,W0NIM11PYyhbY0hdMSljKE9bQ0gzXSlbY0hdYyhjMTIpW0NIMl1OKFtDSDJdW0NIMl0yKUMoPU8pW0NIMl1PYzNbY0hdW2NIXVtjSF1bY0hdW2NIXTM=,0.0,MFCD04123032,2,255,,SCR01092,0.525332488596484,0,-3.709,5,364,,OPLS_2005,vsw_2-LIGPREP-001-in.maegz,1.0,0,Non-Mutagen,5,36.9160490963051,6,0.0,,8.09244009445181e-05,false,All properties and OPS components are within expected ranges.,3,-0.317916897498142,48.0,0.129433803723706,40011,SCR01092-1,-39.5062789916992,-7.99121813856868,-0.0
-1.9419832129382,2,2,-0.939062682992766,-0.98,1,-51.0126543045044,37_sdstereoexpander_1_neutralizer_1_epik_1_stereoizer_1,2.6600001,-0.268334769012525,0.0,0.483353773441322,3.05850625038147,,-0.0,C16 H15 N3 O3 S,"All properties and OPS components are within expected ranges.
Unknown FCFP_2 feature: 901925800: [*]:[c](:[*])C#N",329.379,All properties and OPS components are within expected ranges.,4,2,0,TECH,,2.145,Non-Carcinogen,17,0.0080805423022816,true,9.00053261210915,37-1,true,glide-grid_1,9,0,-0.0106489026751108,J2VwaWtfcHl0aG9uJywgJy1waCcsICc3LjAwMDAwMCcsICctcGh0JywgJzIuMDAwMDAwJywgJy1tcycsICcxNicsICctdG4nLCAnOCcsICctbWEnLCAnMjAwJywgJy1pbWFlJywgJzxpbmZpbGUubWFlPicsICctb21hZScsICc8b3V0ZmlsZS5tYWU+Jw==,-13.4574841554511,({[(4-cyanobenzyl)amino]carbonyl}amino)(4-methylphenyl)dioxo-lambda~6~-sulfane,3,"All properties and OPS components are within expected ranges.
.
.
.
.
.
.
.",-7.5981440173643,-75.3449288260233,0.000302133340724162,13.0032820961653,HTS10936,-9.47539234161377,7,0.0034,9.28252803357772,"All properties and OPS components are within expected ranges.
.
.
.",0.248875772708085,0.227749554209068,329.37,0.407881683892722,,0,HTS10936,-7.5947440173643,37,-11.2195418943038,,1,1.26579730103605,-2.92406853251472,2.469,11.307655753195,0,-1.83647796873002,100.457,W2NIXTFbY0hdYyhbQ0gzXSlbY0hdW2NIXWMxUyg9TykoPU8pW05IXUMoPU8pW05IXVtDSDJdYzJbY0hdW2NIXWMoQyNOKVtjSF1bY0hdMg==,0.0047,MFCD03406873,2,37,,HTS10936,1.04506334916286,-1,-3.502,6,289,,OPLS_2005,vsw_2-LIGPREP-001-in.maegz,,0,Non-Mutagen,7,13.0296268594918,7,0.0047,,0.456730136990569,false,"All properties and OPS components are within expected ranges.
Unknown FCFP_2 feature: 901925800: [*]:[c](:[*])C#N",3,-0.330206261624535,99.059998,0.989663109484211,40011,HTS10936-1,-41.5372619628906,-9.92134222275257,0.0034
-3.91154304545455,2,0,-1.02286673340555,-1.025,0,-44.4703702926636,157_sdstereoexpander_1_neutralizer_1_epik_1_stereoizer_1,0.1,-0.290825054047244,0.0,0.190334903203949,3.35851454734802,,-0.0,C13 H18 N4 O3,"OPS PC22 out of range. Value: -3.2865. Training min, max, SD, explained variance: -3.145, 3.0977, 1.007, 0.0127.",278.31,All properties and OPS components are within expected ranges.,5,2,0,90%,,0.048999999,Non-Carcinogen,78,7.22958277706799e-09,false,12.2940458445781,157-1,false,glide-grid_1,7,0,0.0,J2VwaWtfcHl0aG9uJywgJy1waCcsICc3LjAwMDAwMCcsICctcGh0JywgJzIuMDAwMDAwJywgJy1tcycsICcxNicsICctdG4nLCAnOCcsICctbWEnLCAnMjAwJywgJy1pbWFlJywgJzxpbmZpbGUubWFlPicsICctb21hZScsICc8b3V0ZmlsZS5tYWU+Jw==,-17.191635702213,"3,9-dimethyl-1-(5-oxohexyl)-2,3,6,9-tetrahydro-1H-purine-2,6-dione",3,"All properties and OPS components are within expected ranges.
.
.
.
.
.
.
.",-7.53654653708072,-63.6324891339848,3.02762579002985e-09,17.4573571983102,RJC01667,-5.33135509490967,5,-0.0,11.4461663028209,"All properties and OPS components are within expected ranges.
.
.
.",0.098002226756076,0.102668991268311,278.31,0.183872153723929,,0,RJC01667,-7.53654653708072,157,-7.06695693773572,,1,-12.2658384942331,-1.50832685610744,1.032,-22.7938068956291,0,-1.88614902629033,75.216,W0NIM11uMVtjSF1uYyhjMTIpbihbQ0gzXSljKD1PKW4oYzI9TylbQ0gyXVtDSDJdW0NIMl1bQ0gyXUMoPU8pW0NIM10=,0.0,MFCD00063379,2,157,,RJC01667,0.930802442652651,0,-2.214,7,165,6493-05-6,OPLS_2005,vsw_2-LIGPREP-001-in.maegz,1.0,0,Non-Mutagen,7,29.6871645983666,5,0.0,,4.68572861240809e-05,false,All properties and OPS components are within expected ranges.,3,-0.376827326854036,78.889999,0.270526699416048,40011,RJC01667-1,-39.1390151977539,-18.0563537894385,-0.0
-0.762615870501667,2,0,-0.816064734011918,-1.592,0,-55.8153715133667,24_sdstereoexpander_1_neutralizer_1_epik_1_stereoizer_1,1.47,-0.327201649031461,0.0,0.33855528318659,4.03148508071899,,-0.0,C18 H21 N3 O6 S,All properties and OPS components are within expected ranges.,407.44501,All properties and OPS components are within expected ranges.,3,2,1,90%,,-0.31999999,Non-Carcinogen,9,0.0,true,16.485664414358,24-1,false,glide-grid_1,88,0,-0.110928576259591,J2VwaWtfcHl0aG9uJywgJy1waCcsICc3LjAwMDAwMCcsICctcGh0JywgJzIuMDAwMDAwJywgJy1tcycsICcxNicsICctdG4nLCAnOCcsICctbWEnLCAnMjAwJywgJy1pbWFlJywgJzxpbmZpbGUubWFlPicsICctb21hZScsICc8b3V0ZmlsZS5tYWU+Jw==,-13.7441494108545,"2,3-dihydro-1,4-benzodioxin-2-yl{4-[(3,5-dimethyl-4-isoxazolyl)sulfonyl]piperazino}methanone",3,"All properties and OPS components are within expected ranges.
.
.
.
.
.
.
.",-7.52482894107323,-78.7959990301663,1.39752455195611e-08,16.8848732400033,HTS08799,-8.96010494232178,4,-0.0,13.711433890764,"All properties and OPS components are within expected ranges.
.
.
.",0.174319954321606,0.216050151129529,407.44,0.386928965696657,,0,HTS08799,-7.52482894107323,24,-14.149368692381,41_R_42_43_38_49,1,-5.43610572949833,-3.11129923116745,0.483,11.8143218631597,0,-1.73695145817779,100.282,W0NIM11jMW5vYyhbQ0gzXSljMVMoPU8pKD1PKU4oW0NIMl1bQ0gyXTIpW0NIMl1bQ0gyXU4yQyg9TylbQ0BIXShPMylbQ0gyXU9jKGMzNClbY0hdW2NIXVtjSF1bY0hdNA==,0.0,MFCD03406755,1,24,,HTS08799,0.473995455787449,0,-2.339,9,264,,OPLS_2005,vsw_2-LIGPREP-001-in.maegz,1.0,0,Non-Mutagen,10,31.7562129287793,4,0.0,,2.14872792764334e-15,false,All properties and OPS components are within expected ranges.,3,-0.268743890752615,102.18,0.000369207978835842,40011,HTS08799-1,-46.8552665710449,-13.2532248410634,-0.0
-2.57712043939394,2,1,-0.796598199563806,-0.986,1,-47.6375348567963,94_sdstereoexpander_1_neutralizer_1_epik_1_stereoizer_1,0.75999999,-0.32,0.0002,0.375867144756027,3.33466005325317,,-0.0,C20 H26 N6 O3,All properties and OPS components are within expected ranges.,398.46399,"OPS PC21 out of range. Value: -4.3798. Training min, max, SD, explained variance: -3.9207, 4.1148, 1.267, 0.0133.",5,2,1,90%,,-0.121,Non-Carcinogen,49,0.00244550453059537,false,12.1270698198378,94-1,false,glide-grid_1,249,0,0.0,J2VwaWtfcHl0aG9uJywgJy1waCcsICc3LjAwMDAwMCcsICctcGh0JywgJzIuMDAwMDAwJywgJy1tcycsICcxNicsICctdG4nLCAnOCcsICctbWEnLCAnMjAwJywgJy1pbWFlJywgJzxpbmZpbGUubWFlPicsICctb21hZScsICc8b3V0ZmlsZS5tYWU+Jw==,-17.5431910737997,"7-[2-hydroxy-3-(4-phenylpiperazino)propyl]-1,3-dimethyl-3,7-dihydro-1H-purine-2,6-dione",3,"All properties and OPS components are within expected ranges.
.
.
.
.
.
.
.",-7.51919451149803,-78.5562375359091,7.89989083603712e-07,15.3633107946342,JFD03557,-1.19752478599548,6,-0.0,15.291486326183,"All properties and OPS components are within expected ranges.
.
.
.",0.19353159368289,0.094131517439739,398.45999,0.168582204141013,,0,JFD03557,-7.51919451149803,94,-10.9526999665305,19_S_28_9_25_55,1,-17.3455175756053,-2.73441719833921,1.682,-8.98443123730496,0,-1.72170487281172,85.436,Tz1jMW4oW0NIM10pYyg9TyluKFtDSDNdKWMoYzEyKW5bY0hdbjJbQ0gyXVtDQEBIXShbT0hdKVtDSDJdTjNbQ0gyXVtDSDJdTihbQ0gyXVtDSDJdMyljNFtjSF1bY0hdW2NIXVtjSF1bY0hdNA==,0.0026,MFCD00841844,1,94,,JFD03557,0.613972347674477,1,-2.785,9,311,,OPLS_2005,vsw_2-LIGPREP-001-in.maegz,1.0,0,Non-Mutagen,9,63.3819640843704,5,0.0024,,9.55147288116893e-05,false,"OPS PC17 out of range. Value: 2.9533. Training min, max, SD, explained variance: -2.9517, 2.8461, 1.109, 0.0161.",3,-0.259282569362001,88.529999,1.27660889922319e-07,40011,JFD03557-1,-46.4400100708008,-12.3062940138213,-0.0
-1.26397301581099,2,1,-0.81340547623956,-0.671,0,-53.1180214881897,192_sdstereoexpander_2_neutralizer_1_epik_1_stereoizer_1,2.4300001,-0.390373616015556,0.0,0.571654695012539,3.25625467300415,,-0.0,C20 H20 F N3 O4,All properties and OPS components are within expected ranges.,385.39301,All properties and OPS components are within expected ranges.,2,2,1,90%,,1.4579999,Non-Carcinogen,95,0.0,true,12.0921196518893,192-2,true,glide-grid_1,33,0,-0.135731275475262,J2VwaWtfcHl0aG9uJywgJy1waCcsICc3LjAwMDAwMCcsICctcGh0JywgJzIuMDAwMDAwJywgJy1tcycsICcxNicsICctdG4nLCAnOCcsICctbWEnLCAnMjAwJywgJy1pbWFlJywgJzxpbmZpbGUubWFlPicsICctb21hZScsICc8b3V0ZmlsZS5tYWU+Jw==,-12.6744501882491,"4-(2,3-dihydro-1,4-benzodioxin-2-ylcarbonyl)-N-(4-fluorophenyl)tetrahydro-1(2H)-pyrazinecarboxamide",3,"All properties and OPS components are within expected ranges.
.
.
.
.
.
.
.",-7.50030826395876,-77.2201527958389,0.000138966357012761,13.3273009997718,HTS08800,-7.36414957046509,5,-0.0,12.6447701981956,"All properties and OPS components are within expected ranges.
.
.
.",0.294341353602201,0.261129030700819,385.39001,0.467661722216814,,0,HTS08800,-7.50030826395876,192,-7.67704453634018,15_S_16_17_12_48,1,-2.54716482265832,-2.97277217859925,2.011,9.05909787077357,0,-1.73129136594141,71.976,W2NIXTFbY0hdW2NIXVtjSF1jKGMxMilPW0NIMl1bQ0BASF0oTzIpQyg9TylOM1tDSDJdW0NIMl1OKFtDSDJdW0NIMl0zKUMoPU8pW05IXWM0W2NIXVtjSF1jKEYpW2NIXVtjSF00,0.0,MFCD03086522,1,192,,HTS08800,0.654857853398296,0,-3.547,7,203,,OPLS_2005,vsw_2-LIGPREP-001-in.maegz,1.0,0,Non-Mutagen,8,66.5133632732143,5,0.0,,0.000110547454029578,false,All properties and OPS components are within expected ranges.,3,-0.267868152284241,71.110001,0.0175466095357043,40011,HTS08800-2,-45.7538719177246,-7.5834124630873,-0.0
-1.25863989978636,2,1,-0.81118083129207,-0.42,0,-51.9455728530884,200_sdstereoexpander_2_neutralizer_1_epik_1_stereoizer_1,2.3699999,-0.32,0.0,0.330599785091465,4.42182159423828,,-0.0,C21 H21 Cl N2 O4,"OPS PC27 out of range. Value: -2.5086. Training min, max, SD, explained variance: -2.3945, 4.4682, 0.8755, 0.0096.",400.85999,All properties and OPS components are within expected ranges.,6,2,1,90%,"This compound contains an acetal/aminal-like group ( X-CH(R)-Y where X, Y are N, S, or O) that may be acid/base labile, releasing an aldehyde.",2.3829999,Non-Carcinogen,101,0.0,true,11.5709716860687,200-2,true,glide-grid_1,15,0,-0.022642518846305,J2VwaWtfcHl0aG9uJywgJy1waCcsICc3LjAwMDAwMCcsICctcGh0JywgJzIuMDAwMDAwJywgJy1tcycsICcxNicsICctdG4nLCAnOCcsICctbWEnLCAnMjAwJywgJy1pbWFlJywgJzxpbmZpbGUubWFlPicsICctb21hZScsICc8b3V0ZmlsZS5tYWU+Jw==,-11.855470156893,"N-(1,3-benzodioxol-5-ylmethyl)-1-(4-chlorophenethyl)-5-oxo-3-pyrrolidinecarboxamide",2,"OPS PC20 out of range. Value: 3.3531. Training min, max, SD, explained variance: -2.4327, 3.0557, 0.8804, 0.0158.
.
.
.
.
.
.
.",-7.47979509633027,-75.3799902882543,1.41849921672988e-05,14.2459543435919,HTS10907,-6.45547962188721,7,-0.0,12.7669827931806,"All properties and OPS components are within expected ranges.
.
.
.",0.170223719132201,0.297889612732711,400.85999,0.533497056789107,,0,HTS10907,-7.47979509633027,200,-4.15216580273083,23_R_20_24_29_49,1,-1.15878290494829,-3.36786587271604,2.653,6.73690691796699,0,-1.72655632455998,68.624,TzFbQ0gyXU9jKGMxMilbY0hdYyhbY0hdW2NIXTIpW0NIMl1bTkhdQyg9TylbQ0BASF0zW0NIMl1OKEMoPU8pW0NIMl0zKVtDSDJdW0NIMl1jKFtjSF1bY0hdNClbY0hdW2NIXWM0Q2w=,0.0,MFCD03102383,2,200,,HTS10907,0.732179799861576,0,-3.874,6,105,,OPLS_2005,vsw_2-LIGPREP-001-in.maegz,1.0,0,Non-Mutagen,7,30.5923941360542,7,0.0,,0.000863660489074675,false,All properties and OPS components are within expected ranges.,3,-0.267135539154652,67.870003,0.0120528405723398,40011,HTS10907-2,-45.4900932312012,-13.4655986616998,-0.0
-2.73299955545086,2,2,-0.945121410118714,-1.166,0,-44.2201743125916,98_sdstereoexpander_1_neutralizer_1_epik_1_stereoizer_1,1.7,-0.32,0.0266,0.525981600785843,7.43504190444946,,-0.0,C12 H15 F3 N2 O4 S,All properties and OPS components are within expected ranges.,340.32001,All properties and OPS components are within expected ranges.,3,2,1,90%,,1.08476,Non-Carcinogen,52,0.0217308178136027,false,10.3945311411373,98-1,true,glide-grid_1,32,0,-0.0495591533884502,J2VwaWtfcHl0aG9uJywgJy1waCcsICc3LjAwMDAwMCcsICctcGh0JywgJzIuMDAwMDAwJywgJy1tcycsICcxNicsICctdG4nLCAnOCcsICctbWEnLCAnMjAwJywgJy1pbWFlJywgJzxpbmZpbGUubWFlPicsICctb21hZScsICc8b3V0ZmlsZS5tYWU+Jw==,-14.6875477238967,5-methyl-N-(2-oxo-3-azepanyl)-2-(trifluoromethyl)-3-furansulfonamide,3,"All properties and OPS components are within expected ranges.
.
.
.
.
.
.
.",-7.44224931797551,-59.8596229166736,0.0683295344130889,10.3508861196904,SCR01000,-6.63883352279663,4,0.0217,13.1455429769054,"All properties and OPS components are within expected ranges.
.
.
.",0.270824568915264,0.179808999784967,340.32001,0.32202389096241,,0,SCR01000,-7.42054931797551,98,-13.8322632610328,10_R_11_25_19_37,1,-3.60173510533067,-1.95529074939319,1.336,-2.7247475271026,0,-1.81385292442615,90.077,RkMoRikoRiljMW9jKFtDSDNdKVtjSF1jMVMoPU8pKD1PKVtOSF1bQ0BASF0yW0NIMl1bQ0gyXVtDSDJdW0NIMl1bTkhdQzI9Tw==,0.0266,MFCD04123604,1,98,,SCR01000,0.490492208166235,0,-3.81,6,334,,OPLS_2005,vsw_2-LIGPREP-001-in.maegz,,0,Non-Mutagen,10,3.48187661489769,4,0.0,,0.0354232910661059,false,All properties and OPS components are within expected ranges.,3,-0.337297696271614,88.410004,0.00336928857546346,40011,SCR01000-1,-37.5813407897949,-8.7086875181855,0.0217
-1.70097686140798,2,2,-0.867088558010053,-0.866,0,-52.7879858016968,136_sdstereoexpander_1_neutralizer_1_epik_1_stereoizer_1,2.6500001,-0.32,0.0,0.553817738747695,6.21410179138184,,-0.0,C17 H19 Cl N2 O4 S,All properties and OPS components are within expected ranges.,382.866,All properties and OPS components are within expected ranges.,8,2,0,90%,,2.9059999,Non-Carcinogen,67,0.0,true,11.1417718481218,136-1,true,glide-grid_1,56,0,0.0,J2VwaWtfcHl0aG9uJywgJy1waCcsICc3LjAwMDAwMCcsICctcGh0JywgJzIuMDAwMDAwJywgJy1tcycsICcxNicsICctdG4nLCAnOCcsICctbWEnLCAnMjAwJywgJy1pbWFlJywgJzxpbmZpbGUubWFlPicsICctb21hZScsICc8b3V0ZmlsZS5tYWU+Jw==,-12.8247104523643,N1-(4-{[(3-methoxypropyl)amino]sulfonyl}phenyl)-4-chlorobenzamide,3,"All properties and OPS components are within expected ranges.
.
.
.
.
.
.
.",-7.41350289713325,-73.7336144038148,2.87360935320136e-06,14.8681609695389,RDR02517,-5.86019420623779,9,-0.0,12.8972454927952,"All properties and OPS components are within expected ranges.
.
.
.",0.285157218674345,0.254574891562172,382.85999,0.455923770335317,,0,RDR02517,-7.41350289713325,136,-13.7277662341402,,1,1.04974645955838,-3.22731231330415,2.121,5.30259771633995,0,-1.75722235137481,86.452,W0NIM11PW0NIMl1bQ0gyXVtDSDJdW05IXVMoPU8pKD1PKWMxW2NIXVtjSF1jKFtjSF1bY0hdMSlbTkhdQyg9TyljMltjSF1bY0hdYyhDbClbY0hdW2NIXTI=,0.0,MFCD00124518,3,136,,RDR02517,1.0602049882875,0,-3.323,6,218,,OPLS_2005,vsw_2-LIGPREP-001-in.maegz,1.0,0,Non-Mutagen,8,17.8905839418048,9,0.0,,0.00391009189022345,false,All properties and OPS components are within expected ranges.,3,-0.29654011588533,84.5,0.00792161858360724,40011,RDR02517-1,-46.927791595459,-8.00497109324973,-0.0
-1.11287374410497,2,1,-0.866351378153662,-1.235,1,-52.5423793792725,59_sdstereoexpander_1_neutralizer_1_epik_1_stereoizer_1,1.98,-0.475666758936958,0.0,0.542904713057716,3.47448301315308,,-0.0,C14 H16 Cl2 N2 O5 S2,All properties and OPS components are within expected ranges.,427.327,All properties and OPS components are within expected ranges.,6,2,0,90%,,0.97799999,Non-Carcinogen,27,0.000212065960435119,true,17.1711696130077,59-1,true,glide-grid_1,63,0,-0.0611573235663132,J2VwaWtfcHl0aG9uJywgJy1waCcsICc3LjAwMDAwMCcsICctcGh0JywgJzIuMDAwMDAwJywgJy1tcycsICcxNicsICctdG4nLCAnOCcsICctbWEnLCAnMjAwJywgJy1pbWFlJywgJzxpbmZpbGUubWFlPicsICctb21hZScsICc8b3V0ZmlsZS5tYWU+Jw==,-16.4970322086589,"2-[(2-{4-[(3,5-dichlorophenyl)sulfonyl]piperazino}-2-oxoethyl)sulfanyl]acetic acid",3,"All properties and OPS components are within expected ranges.
.
.
.
.
.
.
.",-7.40720009801247,-78.0213730915873,0.0455046936528686,10.5960850988183,HTS01170,-10.2348499298096,7,-0.0,16.8008477629059,"All properties and OPS components are within expected ranges.
.
.
.",0.279538171404186,0.121181862306692,427.32001,0.217027261487134,,0,HTS01170,-7.40720009801247,59,-13.5686747268389,,1,-0.878258279638417,-2.76204392494184,1.455,3.26340996452772,0,-1.75572839910354,96.723,Q2xjMVtjSF1jKENsKVtjSF1jKFtjSF0xKVMoPU8pKD1PKU4yW0NIMl1bQ0gyXU4oW0NIMl1bQ0gyXTIpQyg9TylbQ0gyXVNbQ0gyXUMoPU8pW09IXQ==,0.0002,MFCD02681771,2,59,,HTS01170,0.655145615482189,-1,-2.566,7,113,,OPLS_2005,vsw_2-LIGPREP-001-in.maegz,1.0,0,Non-Mutagen,11,18.3337093743423,7,0.0002,,1.97409720503514e-17,false,All properties and OPS components are within expected ranges.,3,-0.296288003920499,94.989998,7.2170989244431e-12,40011,HTS01170-1,-42.3075294494629,-8.27373055049553,-0.0
-1.99890841533221,2,2,-0.972050997653627,-0.252,1,-42.8004875183105,249_sdstereoexpander_1_neutralizer_1_epik_1_stereoizer_1,2.5999999,0.0,0.0,0.555846413781766,4.79913139343262,,-0.0,C17 H19 N O3,All properties and OPS components are within expected ranges.,285.341,All properties and OPS components are within expected ranges.,5,2,1,90%,,2.4089999,Non-Carcinogen,124,0.234711476285358,true,9.46351512428224,249-1,false,glide-grid_1,39,0,-0.0362631874642697,J2VwaWtfcHl0aG9uJywgJy1waCcsICc3LjAwMDAwMCcsICctcGh0JywgJzIuMDAwMDAwJywgJy1tcycsICcxNicsICctdG4nLCAnOCcsICctbWEnLCAnMjAwJywgJy1pbWFlJywgJzxpbmZpbGUubWFlPicsICctb21hZScsICc8b3V0ZmlsZS5tYWU+Jw==,-14.9647131079968,"2-[(2,3-dihydro-1,4-benzodioxin-2-ylmethyl)amino]-1-phenyl-1-ethanol",2,"All properties and OPS components are within expected ranges.
.
.
.
.
.
.
.",-7.51102424235377,-64.5360050428186,0.331466635047367,9.1663507584235,HTS10160,-6.44332885742188,6,0.1121,7.29433555692422,"All properties and OPS components are within expected ranges.
.
.
.",0.286201770500399,0.169870197462793,285.34,0.304224271370953,25_R_37_22_26_40,0,HTS10160,-7.39892424235377,249,2.81368641797787,15_R_16_12_17_39,1,-14.1350397398512,-3.35588196237433,2.32,0.225347014845382,0,-1.82936906798778,51.485,W2NIXTFbY0hdW2NIXVtjSF1jKGMxMilPW0NIMl1bQ0BIXShPMilbQ0gyXVtOSF1bQ0gyXVtDQEhdKFtPSF0pYzNbY0hdW2NIXVtjSF1bY0hdW2NIXTM=,0.1226,MFCD03086771,2,249,,HTS10160,0.664386584474764,1,-2.981,4,377,,OPLS_2005,vsw_2-LIGPREP-001-in.maegz,1.0,0,Non-Mutagen,4,20.9653402746079,5,0.1226,,0.245454378348498,true,All properties and OPS components are within expected ranges.,3,-0.35232972582637,50.720001,0.999999950146699,40011,HTS10160-1,-36.3571586608887,-7.95595114858715,0.1121
